{"type": "FeatureCollection", "features": [{"type": "Feature", "id": "4200051", "properties": {"codigo_ibge": "4200051"}, "geometry": {"type": "Polygon", "coordinates": [[[-51.1791, -27.5947], [-51.081, -27.6551], [-51.0475, -27.6402], [-50.9589, -27.6457], [-50.9916, -27.6192], [-50.9349, -27.5796], [-50.9601, -27.5552], [-50.9855, -27.5308], [-51.0189, -27.5301], [-51.0418, -27.5043], [-51.0729, -27.5113], [-51.1216, -27.5287], [-51.1435, -27.5777], [-51.1791, -27.5947]]]}}, {"type": "Feature", "id": "4200101", "properties": {"codigo_ibge": "4200101"}, "geometry": {"type": "Polygon", "coordinates": [[[-52.3702, -26.6697], [-52.2813, -26.6438], [-52.2539, -26.6758], [-52.1862, -26.6694], [-52.1853, -26.7129], [-52.1231, -26.7248], [-52.1445, -26.6906], [-52.0672, -26.678], [-52.0291, -26.5469], [-52.0814, -26.5251], [-52.1116, -26.475], [-52.1588, -26.4662], [-52.1863, -26.4451], [-52.2298, -26.467], [-52.277, -26.4612], [-52.3044, -26.4407], [-52.3796, -26.4386], [-52.4031, -26.4282], [-52.4426, -26.4381], [-52.4787, -26.4627], [-52.48, -26.5336], [-52.4646, -26.5699], [-52.4181, -26.5873], [-52.3929, -26.6365], [-52.4109, -26.6652], [-52.3932, -26.6836], [-52.3702, -26.6697]]]}}, {"type": "Feature", "id": "4200200", "properties": {"codigo_ibge": "4200200"}, "geometry": {"type": "Polygon", "coordinates": [[[-49.9074, -27.4321], [-49.8937, -27.4902], [-49.8511, -27.5052], [-49.8284, -27.5442], [-49.7633, -27.581], [-49.7564, -27.5174], [-49.7866, -27.4981], [-49.7619, -27.4684], [-49.8168, -27.4746], [-49.792, -27.4242], [-49.7505, -27.396], [-49.7673, -27.3753], [-49.8414, -27.3491], [-49.8646, -27.3783], [-49.8754, -27.4101], [-49.9074, -27.4321]]]}}, {"type": "Feature", "id": "4200309", "properties": {"codigo_ibge": "4200309"}, "geometry": {"type": "Polygon", "coordinates": [[[-49.6595, -27.3884], [-49.6817, -27.2913], [-49.6908, -27.2449], [-49.7372, -27.2628], [-49.7783, -27.252], [-49.758, -27.2697], [-49.7673, -27.3753], [-49.7505, -27.396], [-49.6935, -27.3907], [-49.6595, -27.3884]]]}}, {"type": "Feature", "id": "4200408", "properties": {"codigo_ibge": "4200408"}, "geometry": {"type": "Polygon", "coordinates": [[[-51.6002, -27.0516], [-51.5182, -27.0458], [-51.4567, -27.0698], [-51.4622, -27.0277], [-51.5071, -26.9614], [-51.5403, -26.9398], [-51.5299, -26.8795], [-51.5104, -26.8386], [-51.4365, -26.8558], [-51.4323, -26.8244], [-51.4697, -26.8025], [-51.4117, -26.7209], [-51.4115, -26.7171], [-51.4549, -26.6407], [-51.4954, -26.5874], [-51.5121, -26.5817], [-51.5356, -26.5918], [-51.6325, -26.5872], [-51.6585, -26.5654], [-51.6927, -26.5805], [-51.7376, -26.573], [-51.7839, -26.5881], [-51.824, -26.5819], [-51.8549, -26.673], [-51.8425, -26.7002], [-51.7815, -26.7071], [-51.7645, -26.7382], [-51.7836, -26.7595], [-51.7315, -26.7901], [-51.702, -26.792], [-51.7246, -26.8465], [-51.6958, -26.8511], [-51.6891, -26.9297], [-51.6332, -26.9432], [-51.6166, -26.9932], [-51.6186, -27.0409], [-51.6002, -27.0516]]]}}, {"type": "Feature", "id": "4200507", "properties": {"codigo_ibge": "4200507"}, "geometry": {"type": "Polygon", "coordinates": [[[-52.9652, -26.9632], [-52.9512, -27.0029], [-52.982, -27.0361], [-52.9927, -27.0986], [-53.0178, -27.0931], [-53.0414, -27.1249], [-53.0262, -27.1586], [-52.9925, -27.14], [-52.9564, -27.1006], [-52.8984, -27.0862], [-52.9052, -26.9736], [-52.9343, -26.9483], [-52.9652, -26.9632]]]}}, {"type": "Feature", "id": "4200556", "properties": {"codigo_ibge": "4200556"}, "geometry": {"type": "Polygon", "coordinates": [[[-52.9059, -26.8621], [-52.8453, -26.8929], [-52.7861, -26.8856], [-52.8048, -26.8307], [-52.8341, -26.8356], [-52.8719, -26.7978], [-52.919, -26.8464], [-52.9059, -26.8621]]]}}, {"type": "Feature", "id": "4200606", "properties": {"codigo_ibge": "4200606"}, "geometry": {"type": "Polygon", "coordinates": [[[-48.8824, -27.8151], [-48.8826, -27.7827], [-48.8594, -27.7554], [-48.8676, -27.7157], [-48.8254, -27.7164], [-48.8631, -27.6599], [-48.8445, -27.6252], [-48.9501, -27.6266], [-48.9699, -27.6345], [-48.9605, -27.6577], [-49.0068, -27.7013], [-49.031, -27.7738], [-49.0354, -27.8244], [-49.0165, -27.8665], [-48.9467, -27.8162], [-48.8824, -27.8151]]]}}, {"type": "Feature", "id": "4200705", "properties": {"codigo_ibge": "4200705"}, "geometry": {"type": "Polygon", "coordinates": [[[-49.5066, -27.6007], [-49.5042, -27.6539], [-49.4581, -27.7107], [-49.4593, -27.7573], [-49.3775, -27.8145], [-49.3139, -27.8317], [-49.2807, -27.8734], [-49.1948, -27.8141], [-49.1936, -27.7867], [-49.1577, -27.7445], [-49.147, -27.6877], [-49.1649, -27.6622], [-49.2016, -27.6452], [-49.2557, -27.6547], [-49.3021, -27.6141], [-49.3006, -27.5844], [-49.3227, -27.5888], [-49.3545, -27.5627], [-49.4039, -27.5609], [-49.4294, -27.5837], [-49.4729, -27.5658], [-49.5066, -27.6007]]]}}, {"type": "Feature", "id": "4200754", "properties": {"codigo_ibge": "4200754"}, "geometry": {"type": "Polygon", "coordinates": [[[-51.9834, -27.3751], [-51.9688, -27.4107], [-51.9358, -27.4287], [-51.9025, -27.4914], [-51.8582, -27.4751], [-51.87, -27.4496], [-51.8821, -27.4259], [-51.9154, -27.3897], [-51.9394, -27.3356], [-51.9834, -27.3751]]]}}, {"type": "Feature", "id": "4200804", "properties": {"codigo_ibge": "4200804"}, "geometry": {"type": "Polygon", "coordinates": [[[-53.3915, -26.621], [-53.3448, -26.5853], [-53.2539, -26.5704], [-53.2387, -26.5433], [-53.2414, -26.4498], [-53.2834, -26.452], [-53.3606, -26.4879], [-53.3771, -26.5154], [-53.4072, -26.5184], [-53.4588, -26.5483], [-53.4245, -26.6035], [-53.3915, -26.621]]]}}, {"type": "Feature", "id": "4200903", "properties": {"codigo_ibge": "4200903"}, "geometry": {"type": "Polygon", "coordinates": [[[-48.9195, -27.4616], [-48.9645, -27.4497], [-49.0134, -27.4771], [-49.0679, -27.4467], [-49.1218, -27.5004], [-49.1517, -27.4911], [-49.1821, -27.5032], [-49.2247, -27.4913], [-49.2459, -27.51], [-49.2628, -27.5719], [-49.2092, -27.6293], [-49.1824, -27.5909], [-49.0892, -27.5853], [-49.0647, -27.6489], [-49.0103, -27.6223], [-48.9699, -27.6345], [-48.9501, -27.6266], [-48.9206, -27.557], [-48.8977, -27.4781], [-48.9195, -27.4616]]]}}, {"type": "Feature", "id": "4201000", "properties": {"codigo_ibge": "4201000"}, "geometry": {"type": "Polygon", "coordinates": [[[-51.2733, -27.7355], [-51.272, -27.7517], [-51.1878, -27.7777], [-51.1346, -27.8037], [-51.0534, -27.8689], [-50.9889, -27.8191], [-50.9344, -27.8174], [-50.9602, -27.7566], [-50.9197, -27.7316], [-50.9102, -27.6808], [-50.9589, -27.6457], [-51.0475, -27.6402], [-51.081, -27.6551], [-51.1791, -27.5947], [-51.2152, -27.6187], [-51.1928, -27.6546], [-51.2226, -27.7232], [-51.2733, -27.7355]]]}}, {"type": "Feature", "id": "4201109", "properties": {"codigo_ibge": "4201109"}, "geometry": {"type": "Polygon", "coordinates": [[[-49.3078, -27.941], [-49.1711, -27.9773], [-49.1035, -28.0065], [-49.052, -27.99], [-49.0159, -27.9092], [-49.0165, -27.8665], [-49.0354, -27.8244], [-49.031, -27.7738], [-49.0908, -27.751], [-49.1577, -27.7445], [-49.1936, -27.7867], [-49.1948, -27.8141], [-49.2807, -27.8734], [-49.2994, -27.9017], [-49.3078, -27.941]]]}}, {"type": "Feature", "id": "4201208", "properties": {"codigo_ibge": "4201208"}, "geometry": {"type": "Polygon", "coordinates": [[[-48.7231, -27.5371], [-48.7533, -27.4981], [-48.7451, -27.4779], [-48.8008, -27.4453], [-48.7997, -27.4028], [-48.8352, -27.3965], [-48.8839, -27.4326], [-48.9195, -27.4616], [-48.8977, -27.4781], [-48.9206, -27.557], [-48.8532, -27.5755], [-48.795, -27.5453], [-48.7275, -27.5535], [-48.7231, -27.5371]]]}}, {"type": "Feature", "id": "4201257", "properties": {"codigo_ibge": "4201257"}, "geometry": {"type": "Polygon", "coordinates": [[[-49.2205, -27.1635], [-49.2473, -27.1286], [-49.2644, -27.0628], [-49.2974, -27.0564], [-49.3176, -27.0218], [-49.3725, -26.988], [-49.3775, -27.0116], [-49.469, -27.0051], [-49.4731, -27.0885], [-49.4956, -27.0788], [-49.4674, -27.1051], [-49.4563, -27.1529], [-49.4616, -27.2312], [-49.4471, -27.2554], [-49.374, -27.2277], [-49.3434, -27.2386], [-49.3096, -27.2143], [-49.2482, -27.1982], [-49.2205, -27.1635]]]}}, {"type": "Feature", "id": "4201273", "properties": {"codigo_ibge": "4201273"}, "geometry": {"type": "Polygon", "coordinates": [[[-52.0924, -27.1565], [-52.138, -27.1054], [-52.2007, -27.0942], [-52.2278, -27.0682], [-52.2526, -27.1316], [-52.2333, -27.1812], [-52.1927, -27.1996], [-52.1167, -27.1839], [-52.0924, -27.1565]]]}}, {"type": "Feature", "id": "4201307", "properties": {"codigo_ibge": "4201307"}, "geometry": {"type": "Polygon", "coordinates": [[[-48.7412, -26.5598], [-48.7234, -26.5982], [-48.689, -26.5718], [-48.6648, -26.5809], [-48.6507, -26.5473], [-48.7096, -26.4309], [-48.6695, -26.4133], [-48.6625, -26.3608], [-48.7265, -26.3221], [-48.7399, -26.2864], [-48.7572, -26.2939], [-48.7237, -26.3429], [-48.765, -26.352], [-48.8074, -26.3758], [-48.8391, -26.4407], [-48.8762, -26.4515], [-48.906, -26.4965], [-48.8735, -26.5352], [-48.832, -26.5307], [-48.8071, -26.513], [-48.7515, -26.54], [-48.7412, -26.5598]]]}}, {"type": "Feature", "id": "4201406", "properties": {"codigo_ibge": "4201406"}, "geometry": {"type": "Polygon", "coordinates": [[[-49.5657, -29.059], [-49.5365, -29.0294], [-49.482, -28.9966], [-49.4094, -28.9418], [-49.3764, -28.9561], [-49.2901, -28.8832], [-49.3296, -28.8649], [-49.3515, -28.8552], [-49.3979, -28.8336], [-49.4327, -28.9093], [-49.4743, -28.8847], [-49.5136, -28.8918], [-49.5339, -28.9173], [-49.6056, -28.952], [-49.5803, -28.984], [-49.6234, -29.018], [-49.5657, -29.059]]]}}, {"type": "Feature", "id": "4201505", "properties": {"codigo_ibge": "4201505"}, "geometry": {"type": "Polygon", "coordinates": [[[-49.0787, -28.2738], [-49.0364, -28.3042], [-48.9942, -28.301], [-48.9549, -28.3188], [-48.9558, -28.2691], [-48.9216, -28.235], [-48.9656, -28.237], [-48.973, -28.1854], [-49.0311, -28.1509], [-49.0773, -28.1901], [-49.0694, -28.2319], [-49.0787, -28.2738]]]}}, {"type": "Feature", "id": "4201604", "properties": {"codigo_ibge": "4201604"}, "geometry": {"type": "Polygon", "coordinates": [[[-51.3681, -26.8692], [-51.3635, -26.9399], [-51.4061, -26.9431], [-51.3943, -26.9702], [-51.3516, -26.9812], [-51.2829, -26.9235], [-51.2818, -26.8782], [-51.3249, -26.8659], [-51.3681, -26.8692]]]}}, {"type": "Feature", "id": "4201653", "properties": {"codigo_ibge": "4201653"}, "geometry": {"type": "Polygon", "coordinates": [[[-52.4893, -27.1142], [-52.4678, -27.1303], [-52.4327, -27.1141], [-52.4048, -27.119], [-52.3909, -27.0905], [-52.419, -27.0064], [-52.4527, -26.9951], [-52.4896, -27.091], [-52.5088, -27.0938], [-52.4893, -27.1142]]]}}, {"type": "Feature", "id": "4201703", "properties": {"codigo_ibge": "4201703"}, "geometry": {"type": "Polygon", "coordinates": [[[-49.469, -27.0051], [-49.3775, -27.0116], [-49.3725, -26.988], [-49.3176, -27.0218], [-49.3004, -26.9971], [-49.3158, -26.9593], [-49.3382, -26.9665], [-49.3904, -26.9308], [-49.4298, -26.9153], [-49.4653, -26.9401], [-49.469, -27.0051]]]}}, {"type": "Feature", "id": "4201802", "properties": {"codigo_ibge": "4201802"}, "geometry": {"type": "Polygon", "coordinates": [[[-49.7505, -27.396], [-49.792, -27.4242], [-49.8168, -27.4746], [-49.7619, -27.4684], [-49.7473, -27.4766], [-49.6747, -27.4589], [-49.6935, -27.3907], [-49.7505, -27.396]]]}}, {"type": "Feature", "id": "4201901", "properties": {"codigo_ibge": "4201901"}, "geometry": {"type": "Polygon", "coordinates": [[[-49.6595, -27.3884], [-49.5652, -27.3987], [-49.5029, -27.3424], [-49.4805, -27.3054], [-49.4916, -27.3008], [-49.5273, -27.272], [-49.5786, -27.2599], [-49.6203, -27.2848], [-49.6402, -27.2756], [-49.6817, -27.2913], [-49.6595, -27.3884]]]}}, {"type": "Feature", "id": "4201950", "properties": {"codigo_ibge": "4201950"}, "geometry": {"type": "Polygon", "coordinates": [[[-49.516, -29.0957], [-49.3764, -28.9561], [-49.4094, -28.9418], [-49.482, -28.9966], [-49.5365, -29.0294], [-49.5657, -29.059], [-49.516, -29.0957]]]}}, {"type": "Feature", "id": "4202008", "properties": {"codigo_ibge": "4202008"}, "geometry": {"type": "Polygon", "coordinates": [[[-48.6829, -26.9728], [-48.6263, -27.0183], [-48.6112, -27.0482], [-48.5891, -27.061], [-48.5707, -27.009], [-48.6137, -27.0051], [-48.6283, -26.9601], [-48.6829, -26.9728]]]}}, {"type": "Feature", "id": "4202057", "properties": {"codigo_ibge": "4202057"}, "geometry": {"type": "Polygon", "coordinates": [[[-48.6507, -26.5473], [-48.5943, -26.4522], [-48.6257, -26.438], [-48.6193, -26.3986], [-48.6625, -26.3608], [-48.6695, -26.4133], [-48.7096, -26.4309], [-48.6507, -26.5473]]]}}, {"type": "Feature", "id": "4202073", "properties": {"codigo_ibge": "4202073"}, "geometry": {"type": "Polygon", "coordinates": [[[-49.6451, -29.2384], [-49.516, -29.0957], [-49.5657, -29.059], [-49.5961, -29.0834], [-49.61, -29.1149], [-49.6563, -29.143], [-49.7121, -29.2058], [-49.6607, -29.2424], [-49.6451, -29.2384]]]}}, {"type": "Feature", "id": "4202081", "properties": {"codigo_ibge": "4202081"}, "geometry": {"type": "Polygon", "coordinates": [[[-53.596, -26.688], [-53.642, -26.7167], [-53.6848, -26.72], [-53.7144, -26.7508], [-53.7175, -26.7823], [-53.6773, -26.8439], [-53.6616, -26.8169], [-53.6062, -26.8181], [-53.5871, -26.8017], [-53.596, -26.688]]]}}, {"type": "Feature", "id": "4202099", "properties": {"codigo_ibge": "4202099"}, "geometry": {"type": "Polygon", "coordinates": [[[-53.495, -26.6598], [-53.4237, -26.7279], [-53.3943, -26.7442], [-53.3831, -26.719], [-53.3941, -26.6626], [-53.3915, -26.621], [-53.4245, -26.6035], [-53.4475, -26.6344], [-53.495, -26.6598]]]}}, {"type": "Feature", "id": "4202107", "properties": {"codigo_ibge": "4202107"}, "geometry": {"type": "Polygon", "coordinates": [[[-48.6819, -26.7184], [-48.6881, -26.6712], [-48.6648, -26.5809], [-48.689, -26.5718], [-48.7234, -26.5982], [-48.7412, -26.5598], [-48.7431, -26.6306], [-48.7537, -26.6592], [-48.8016, -26.6812], [-48.8007, -26.7132], [-48.7732, -26.7077], [-48.7568, -26.7406], [-48.6819, -26.7184]]]}}, {"type": "Feature", "id": "4202131", "properties": {"codigo_ibge": "4202131"}, "geometry": {"type": "Polygon", "coordinates": [[[-50.3999, -26.3446], [-50.4042, -26.2894], [-50.4355, -26.2367], [-50.4628, -26.2286], [-50.5367, -26.2538], [-50.5586, -26.2873], [-50.5536, -26.3213], [-50.5825, -26.3746], [-50.573, -26.4187], [-50.5343, -26.4778], [-50.5467, -26.4841], [-50.5315, -26.5488], [-50.5133, -26.5794], [-50.5294, -26.6086], [-50.4923, -26.6426], [-50.4359, -26.6152], [-50.4008, -26.5607], [-50.454, -26.5022], [-50.4174, -26.4112], [-50.423, -26.3783], [-50.3999, -26.3446]]]}}, {"type": "Feature", "id": "4202156", "properties": {"codigo_ibge": "4202156"}, "geometry": {"type": "Polygon", "coordinates": [[[-53.6754, -26.8928], [-53.626, -26.8848], [-53.5757, -26.8957], [-53.5589, -26.8937], [-53.5459, -26.8345], [-53.6062, -26.8181], [-53.6616, -26.8169], [-53.6773, -26.8439], [-53.6754, -26.8928]]]}}, {"type": "Feature", "id": "4202206", "properties": {"codigo_ibge": "4202206"}, "geometry": {"type": "Polygon", "coordinates": [[[-49.4298, -26.9153], [-49.4035, -26.8703], [-49.3301, -26.8078], [-49.335, -26.7461], [-49.3407, -26.7253], [-49.3994, -26.6705], [-49.4822, -26.6475], [-49.4884, -26.66], [-49.4749, -26.6976], [-49.4484, -26.7146], [-49.4536, -26.7659], [-49.5064, -26.7893], [-49.5486, -26.8567], [-49.5438, -26.892], [-49.4653, -26.9401], [-49.4298, -26.9153]]]}}, {"type": "Feature", "id": "4202305", "properties": {"codigo_ibge": "4202305"}, "geometry": {"type": "Polygon", "coordinates": [[[-48.5849, -27.4548], [-48.6293, -27.4029], [-48.6271, -27.3249], [-48.6633, -27.3473], [-48.7054, -27.3548], [-48.7296, -27.3409], [-48.7936, -27.3532], [-48.8006, -27.3583], [-48.8352, -27.3965], [-48.7997, -27.4028], [-48.8008, -27.4453], [-48.7451, -27.4779], [-48.7533, -27.4981], [-48.7231, -27.5371], [-48.6789, -27.5228], [-48.6492, -27.5427], [-48.5762, -27.5172], [-48.5908, -27.4835], [-48.5849, -27.4548]]]}}, {"type": "Feature", "id": "4202404", "properties": {"codigo_ibge": "4202404"}, "geometry": {"type": "Polygon", "coordinates": [[[-49.0572, -27.0615], [-49.0575, -26.9547], [-49.0123, -26.9069], [-49.0442, -26.8778], [-49.0387, -26.8389], [-49.0504, -26.7886], [-49.0303, -26.7784], [-49.0362, -26.7725], [-49.0492, -26.7093], [-49.0251, -26.6853], [-49.0493, -26.6506], [-49.1018, -26.6596], [-49.1142, -26.6131], [-49.13, -26.6355], [-49.1331, -26.6943], [-49.1103, -26.7438], [-49.1277, -26.8326], [-49.198, -26.8363], [-49.1601, -26.8856], [-49.1629, -26.9904], [-49.1365, -27.0147], [-49.1312, -27.0683], [-49.1546, -27.1196], [-49.1385, -27.1325], [-49.0573, -27.0907], [-49.0572, -27.0615]]]}}, {"type": "Feature", "id": "4202438", "properties": {"codigo_ibge": "4202438"}, "geometry": {"type": "Polygon", "coordinates": [[[-50.0666, -27.8112], [-50.0008, -27.7969], [-49.9591, -27.8477], [-49.9091, -27.8459], [-49.8694, -27.9005], [-49.8092, -27.8676], [-49.7783, -27.8038], [-49.7545, -27.7904], [-49.7991, -27.735], [-49.8059, -27.7053], [-49.8392, -27.678], [-49.8704, -27.6798], [-49.9018, -27.6531], [-49.9711, -27.6571], [-49.9997, -27.6407], [-50.0222, -27.6837], [-50.0313, -27.7567], [-50.0771, -27.7828], [-50.0666, -27.8112]]]}}, {"type": "Feature", "id": "4202453", "properties": {"codigo_ibge": "4202453"}, "geometry": {"type": "Polygon", "coordinates": [[[-48.5784, -27.2115], [-48.5423, -27.1826], [-48.5142, -27.1842], [-48.4817, -27.1533], [-48.514, -27.1315], [-48.508, -27.1105], [-48.5411, -27.173], [-48.5757, -27.1862], [-48.5784, -27.2115]]]}}, {"type": "Feature", "id": "4202503", "properties": {"codigo_ibge": "4202503"}, "geometry": {"type": "Polygon", "coordinates": [[[-49.8163, -28.469], [-49.7909, -28.4964], [-49.7483, -28.494], [-49.7467, -28.5354], [-49.708, -28.5822], [-49.7031, -28.6289], [-49.6854, -28.6209], [-49.6468, -28.5897], [-49.6495, -28.5469], [-49.5695, -28.5026], [-49.5625, -28.4675], [-49.5353, -28.4361], [-49.5668, -28.4163], [-49.5583, -28.3719], [-49.523, -28.307], [-49.5413, -28.2351], [-49.5297, -28.1873], [-49.4746, -28.1258], [-49.5438, -28.1256], [-49.598, -28.1604], [-49.6342, -28.1595], [-49.6681, -28.1889], [-49.6719, -28.2309], [-49.7216, -28.2224], [-49.7732, -28.2763], [-49.7649, -28.3504], [-49.7813, -28.4299], [-49.806, -28.4214], [-49.8163, -28.469]]]}}, {"type": "Feature", "id": "4202537", "properties": {"codigo_ibge": "4202537"}, "geometry": {"type": "Polygon", "coordinates": [[[-52.3932, -26.6836], [-52.4244, -26.7233], [-52.4079, -26.7436], [-52.4295, -26.7674], [-52.3552, -26.7848], [-52.3616, -26.7594], [-52.3538, -26.7233], [-52.3702, -26.6697], [-52.3932, -26.6836]]]}}, {"type": "Feature", "id": "4202578", "properties": {"codigo_ibge": "4202578"}, "geometry": {"type": "Polygon", "coordinates": [[[-53.0696, -26.7369], [-53.0589, -26.7162], [-53.0758, -26.67], [-53.0634, -26.6436], [-53.1139, -26.6296], [-53.1366, -26.6396], [-53.1115, -26.6797], [-53.1284, -26.7206], [-53.1094, -26.7407], [-53.0696, -26.7369]]]}}, {"type": "Feature", "id": "4202602", "properties": {"codigo_ibge": "4202602"}, "geometry": {"type": "Polygon", "coordinates": [[[-49.6074, -27.9007], [-49.4658, -27.9277], [-49.4173, -27.9529], [-49.2994, -27.9017], [-49.2807, -27.8734], [-49.3139, -27.8317], [-49.3775, -27.8145], [-49.4593, -27.7573], [-49.4581, -27.7107], [-49.5042, -27.6539], [-49.5066, -27.6007], [-49.5558, -27.6174], [-49.6352, -27.6621], [-49.6205, -27.6188], [-49.6627, -27.6487], [-49.7137, -27.6443], [-49.7307, -27.6556], [-49.8392, -27.678], [-49.8059, -27.7053], [-49.7991, -27.735], [-49.7545, -27.7904], [-49.7783, -27.8038], [-49.7366, -27.8356], [-49.6867, -27.8334], [-49.6449, -27.8799], [-49.6074, -27.9007]]]}}, {"type": "Feature", "id": "4202701", "properties": {"codigo_ibge": "4202701"}, "geometry": {"type": "Polygon", "coordinates": [[[-49.0174, -27.1647], [-49.0397, -27.1863], [-49.0803, -27.1746], [-49.1033, -27.1388], [-49.1385, -27.1325], [-49.1546, -27.1196], [-49.211, -27.1577], [-49.1914, -27.2036], [-49.2219, -27.2314], [-49.2477, -27.2793], [-49.2216, -27.3088], [-49.1222, -27.2756], [-49.0376, -27.2719], [-49.0193, -27.256], [-49.0073, -27.2008], [-49.0174, -27.1647]]]}}, {"type": "Feature", "id": "4202800", "properties": {"codigo_ibge": "4202800"}, "geometry": {"type": "Polygon", "coordinates": [[[-49.2002, -28.2885], [-49.1244, -28.3189], [-49.1051, -28.3586], [-49.0787, -28.2738], [-49.0694, -28.2319], [-49.0773, -28.1901], [-49.1701, -28.1503], [-49.1988, -28.1545], [-49.1887, -28.1783], [-49.1982, -28.2277], [-49.2756, -28.2479], [-49.2324, -28.2563], [-49.2002, -28.2885]]]}}, {"type": "Feature", "id": "4202859", "properties": {"codigo_ibge": "4202859"}, "geometry": {"type": "Polygon", "coordinates": [[[-49.9567, -27.4017], [-49.9074, -27.4321], [-49.8754, -27.4101], [-49.8646, -27.3783], [-49.8722, -27.3508], [-49.8486, -27.3269], [-49.8854, -27.3062], [-49.9312, -27.3238], [-49.9321, -27.3703], [-49.9567, -27.4017]]]}}, {"type": "Feature", "id": "4202875", "properties": {"codigo_ibge": "4202875"}, "geometry": {"type": "Polygon", "coordinates": [[[-50.9603, -27.3793], [-50.9039, -27.3816], [-50.8981, -27.4143], [-50.823, -27.4516], [-50.7877, -27.4597], [-50.7541, -27.4223], [-50.7654, -27.3057], [-50.7776, -27.2668], [-50.8207, -27.2295], [-50.8539, -27.2474], [-50.9332, -27.2923], [-50.9389, -27.3315], [-50.9703, -27.3371], [-50.9603, -27.3793]]]}}, {"type": "Feature", "id": "4202909", "properties": {"codigo_ibge": "4202909"}, "geometry": {"type": "Polygon", "coordinates": [[[-48.8658, -27.0034], [-48.9345, -27.0279], [-48.9495, -27.0963], [-49.0174, -27.1647], [-49.0073, -27.2008], [-49.0193, -27.256], [-48.9898, -27.2486], [-48.8945, -27.1841], [-48.8819, -27.1845], [-48.8124, -27.1346], [-48.7891, -27.0971], [-48.8439, -27.0677], [-48.8627, -27.0437], [-48.8658, -27.0034]]]}}, {"type": "Feature", "id": "4203006", "properties": {"codigo_ibge": "4203006"}, "geometry": {"type": "Polygon", "coordinates": [[[-51.1922, -26.8513], [-51.1839, -26.8332], [-51.0497, -26.843], [-51.0392, -26.8672], [-50.9825, -26.8699], [-50.9738, -26.8935], [-50.846, -26.8729], [-50.8001, -26.7685], [-50.8502, -26.7478], [-50.909, -26.6968], [-50.9266, -26.6706], [-50.9957, -26.6547], [-51.051, -26.7], [-51.0914, -26.6956], [-51.1285, -26.7079], [-51.1705, -26.678], [-51.2326, -26.6687], [-51.2389, -26.6279], [-51.2834, -26.6536], [-51.347, -26.6486], [-51.3911, -26.6632], [-51.4115, -26.7171], [-51.4117, -26.7209], [-51.3792, -26.7369], [-51.3391, -26.7342], [-51.2554, -26.7739], [-51.2361, -26.8228], [-51.2754, -26.8494], [-51.2844, -26.8738], [-51.2468, -26.8847], [-51.1922, -26.8513]]]}}, {"type": "Feature", "id": "4203105", "properties": {"codigo_ibge": "4203105"}, "geometry": {"type": "Polygon", "coordinates": [[[-53.2962, -27.1324], [-53.2549, -27.0913], [-53.2319, -27.0841], [-53.1909, -26.9511], [-53.285, -26.9236], [-53.2914, -26.9284], [-53.2955, -26.9623], [-53.2867, -27.0457], [-53.33, -27.0889], [-53.3554, -27.1113], [-53.2962, -27.1324]]]}}, {"type": "Feature", "id": "4203154", "properties": {"codigo_ibge": "4203154"}, "geometry": {"type": "Polygon", "coordinates": [[[-51.2389, -26.6279], [-51.2326, -26.6687], [-51.1705, -26.678], [-51.1285, -26.7079], [-51.0914, -26.6956], [-51.051, -26.7], [-50.9957, -26.6547], [-50.9266, -26.6706], [-50.909, -26.6968], [-50.8502, -26.7478], [-50.8001, -26.7685], [-50.8283, -26.7229], [-50.8302, -26.6959], [-50.8066, -26.6552], [-50.856, -26.5606], [-50.9425, -26.5503], [-51.0096, -26.4938], [-51.0757, -26.5146], [-51.1055, -26.5585], [-51.1374, -26.5673], [-51.142, -26.6017], [-51.2221, -26.5937], [-51.2389, -26.6279]]]}}, {"type": "Feature", "id": "4203204", "properties": {"codigo_ibge": "4203204"}, "geometry": {"type": "Polygon", "coordinates": [[[-48.6112, -27.0482], [-48.6263, -27.0183], [-48.6829, -26.9728], [-48.7219, -27.0148], [-48.748, -27.0233], [-48.7891, -27.0971], [-48.8124, -27.1346], [-48.7994, -27.1551], [-48.69, -27.1414], [-48.661, -27.1253], [-48.6792, -27.1001], [-48.6152, -27.0668], [-48.6112, -27.0482]]]}}, {"type": "Feature", "id": "4203253", "properties": {"codigo_ibge": "4203253"}, "geometry": {"type": "Polygon", "coordinates": [[[-50.6051, -27.8329], [-50.6465, -27.9145], [-50.6242, -27.9299], [-50.6548, -27.9859], [-50.7118, -27.9975], [-50.7424, -28.0303], [-50.7782, -28.0276], [-50.8049, -28.0432], [-50.8753, -28.0413], [-50.8994, -28.0897], [-50.8759, -28.0951], [-50.859, -28.1397], [-50.7941, -28.1386], [-50.7612, -28.195], [-50.7491, -28.2485], [-50.6956, -28.2699], [-50.6531, -28.2929], [-50.6148, -28.2842], [-50.5188, -28.2196], [-50.5095, -28.1907], [-50.5249, -28.1383], [-50.4732, -28.0835], [-50.4478, -28.0816], [-50.3899, -28.0194], [-50.4139, -28.0059], [-50.3743, -27.9656], [-50.3661, -27.9307], [-50.3824, -27.8803], [-50.4674, -27.8558], [-50.5165, -27.8732], [-50.5441, -27.8693], [-50.6051, -27.8329]]]}}, {"type": "Feature", "id": "4203303", "properties": {"codigo_ibge": "4203303"}, "geometry": {"type": "Polygon", "coordinates": [[[-49.2026, -26.2202], [-49.1683, -26.1881], [-49.1891, -26.1454], [-49.1589, -26.1144], [-49.0733, -26.0749], [-49.0569, -26.076], [-49.052, -26.028], [-49.0301, -26.0101], [-49.0035, -26.026], [-48.9561, -26.0188], [-48.9504, -25.99], [-48.9683, -25.9867], [-49.0202, -26.0157], [-49.0295, -26.0046], [-49.043, -26.0045], [-49.0738, -26.0011], [-49.1675, -26.0007], [-49.2345, -26.0307], [-49.3002, -26.1113], [-49.3217, -26.11], [-49.3608, -26.1374], [-49.3807, -26.1567], [-49.4292, -26.17], [-49.3898, -26.1995], [-49.3439, -26.1922], [-49.3259, -26.2219], [-49.2525, -26.2685], [-49.2026, -26.2202]]]}}, {"type": "Feature", "id": "4203402", "properties": {"codigo_ibge": "4203402"}, "geometry": {"type": "Polygon", "coordinates": [[[-50.6395, -27.7144], [-50.6771, -27.7153], [-50.7448, -27.6485], [-50.8161, -27.6192], [-50.8539, -27.5935], [-50.875, -27.6022], [-50.8471, -27.6938], [-50.8417, -27.7521], [-50.8632, -27.8021], [-50.8899, -27.8951], [-50.9271, -27.904], [-50.9283, -27.9298], [-50.9784, -27.9482], [-50.924, -27.9717], [-50.9232, -28.012], [-50.8753, -28.0413], [-50.8049, -28.0432], [-50.7782, -28.0276], [-50.7424, -28.0303], [-50.7118, -27.9975], [-50.6548, -27.9859], [-50.6242, -27.9299], [-50.6465, -27.9145], [-50.6051, -27.8329], [-50.6085, -27.795], [-50.6303, -27.7861], [-50.6395, -27.7144]]]}}, {"type": "Feature", "id": "4203501", "properties": {"codigo_ibge": "4203501"}, "geometry": {"type": "Polygon", "coordinates": [[[-53.028, -26.3702], [-53.0932, -26.392], [-53.1602, -26.3506], [-53.1915, -26.3694], [-53.252, -26.3777], [-53.2914, -26.4321], [-53.2834, -26.452], [-53.2414, -26.4498], [-53.2387, -26.5433], [-53.2226, -26.5791], [-53.1799, -26.531], [-53.1467, -26.5284], [-53.1233, -26.5734], [-53.0188, -26.5315], [-53.0655, -26.485], [-53.0259, -26.4067], [-52.9676, -26.4408], [-52.9526, -26.3793], [-52.9377, -26.3622], [-52.9935, -26.3477], [-53.028, -26.3702]]]}}, {"type": "Feature", "id": "4203600", "properties": {"codigo_ibge": "4203600"}, "geometry": {"type": "Polygon", "coordinates": [[[-51.0729, -27.5113], [-51.0482, -27.4936], [-51.0704, -27.4431], [-51.0689, -27.4053], [-51.028, -27.3894], [-50.9797, -27.3979], [-50.9603, -27.3793], [-50.9703, -27.3371], [-50.9389, -27.3315], [-50.9332, -27.2923], [-50.8539, -27.2474], [-50.8931, -27.2328], [-50.9108, -27.2074], [-50.9892, -27.2501], [-51.0363, -27.2334], [-51.0656, -27.2521], [-51.1126, -27.239], [-51.158, -27.2874], [-51.2101, -27.26], [-51.2213, -27.236], [-51.2808, -27.2129], [-51.3259, -27.2612], [-51.3005, -27.2926], [-51.3318, -27.3414], [-51.4121, -27.3293], [-51.4379, -27.3161], [-51.4588, -27.3437], [-51.5144, -27.3165], [-51.5396, -27.2825], [-51.5953, -27.2983], [-51.5922, -27.3325], [-51.5649, -27.3287], [-51.5327, -27.377], [-51.5538, -27.3988], [-51.5285, -27.3896], [-51.4653, -27.395], [-51.4725, -27.426], [-51.4405, -27.4356], [-51.4485, -27.4651], [-51.4969, -27.4841], [-51.5063, -27.5275], [-51.5476, -27.5591], [-51.4833, -27.5632], [-51.4573, -27.6075], [-51.4077, -27.5943], [-51.315, -27.6016], [-51.2856, -27.6299], [-51.2152, -27.6187], [-51.1791, -27.5947], [-51.1435, -27.5777], [-51.1216, -27.5287], [-51.0729, -27.5113]]]}}, {"type": "Feature", "id": "4203709", "properties": {"codigo_ibge": "4203709"}, "geometry": {"type": "Polygon", "coordinates": [[[-48.7936, -27.3532], [-48.7444, -27.3066], [-48.7355, -27.2687], [-48.7489, -27.2348], [-48.8043, -27.1895], [-48.7994, -27.1551], [-48.8124, -27.1346], [-48.8819, -27.1845], [-48.8654, -27.2197], [-48.8381, -27.229], [-48.7942, -27.2858], [-48.8006, -27.3583], [-48.7936, -27.3532]]]}}, {"type": "Feature", "id": "4203808", "properties": {"codigo_ibge": "4203808"}, "geometry": {"type": "Polygon", "coordinates": [[[-50.2961, -26.287], [-50.3254, -26.252], [-50.3247, -26.2074], [-50.3559, -26.2032], [-50.3604, -26.1586], [-50.3887, -26.1509], [-50.3657, -26.1121], [-50.3717, -26.0792], [-50.4295, -26.063], [-50.4609, -26.0263], [-50.5133, -26.0261], [-50.5509, -26.0383], [-50.5535, -26.0594], [-50.5948, -26.0704], [-50.6285, -26.0628], [-50.6562, -26.1008], [-50.6502, -26.1325], [-50.6828, -26.1536], [-50.6975, -26.1818], [-50.7033, -26.188], [-50.6718, -26.2436], [-50.679, -26.2778], [-50.6458, -26.3298], [-50.6392, -26.3775], [-50.6988, -26.5003], [-50.6445, -26.511], [-50.5639, -26.6095], [-50.5294, -26.6086], [-50.5133, -26.5794], [-50.5315, -26.5488], [-50.5467, -26.4841], [-50.5343, -26.4778], [-50.573, -26.4187], [-50.5825, -26.3746], [-50.5536, -26.3213], [-50.5586, -26.2873], [-50.5367, -26.2538], [-50.4628, -26.2286], [-50.4355, -26.2367], [-50.4042, -26.2894], [-50.3999, -26.3446], [-50.3709, -26.3346], [-50.3245, -26.296], [-50.2961, -26.287]]]}}, {"type": "Feature", "id": "4203907", "properties": {"codigo_ibge": "4203907"}, "geometry": {"type": "Polygon", "coordinates": [[[-51.6326, -27.4886], [-51.5598, -27.458], [-51.5538, -27.3988], [-51.5327, -27.377], [-51.5649, -27.3287], [-51.5922, -27.3325], [-51.627, -27.3518], [-51.6921, -27.3689], [-51.7297, -27.3567], [-51.7329, -27.3921], [-51.6856, -27.4321], [-51.7012, -27.4798], [-51.6474, -27.5163], [-51.6326, -27.4886]]]}}, {"type": "Feature", "id": "4203956", "properties": {"codigo_ibge": "4203956"}, "geometry": {"type": "Polygon", "coordinates": [[[-48.979, -28.422], [-48.9814, -28.4627], [-48.9234, -28.5127], [-48.9141, -28.4672], [-48.9402, -28.4117], [-48.9372, -28.3836], [-48.979, -28.422]]]}}, {"type": "Feature", "id": "4204004", "properties": {"codigo_ibge": "4204004"}, "geometry": {"type": "Polygon", "coordinates": [[[-51.6765, -27.1166], [-51.6609, -27.1126], [-51.6186, -27.0409], [-51.6166, -26.9932], [-51.6332, -26.9432], [-51.6806, -26.9579], [-51.7006, -27.0047], [-51.7334, -27.0397], [-51.7866, -27.0515], [-51.8023, -27.0404], [-51.8313, -27.0858], [-51.7582, -27.0875], [-51.7239, -27.1118], [-51.6765, -27.1166]]]}}, {"type": "Feature", "id": "4204103", "properties": {"codigo_ibge": "4204103"}, "geometry": {"type": "Polygon", "coordinates": [[[-52.852, -27.1125], [-52.8984, -27.0862], [-52.9564, -27.1006], [-52.9925, -27.14], [-52.9851, -27.1705], [-53.0, -27.2067], [-52.9712, -27.2178], [-52.9567, -27.1633], [-52.9293, -27.2041], [-52.8513, -27.1703], [-52.8385, -27.1575], [-52.852, -27.1125]]]}}, {"type": "Feature", "id": "4204152", "properties": {"codigo_ibge": "4204152"}, "geometry": {"type": "Polygon", "coordinates": [[[-51.4573, -27.6075], [-51.4192, -27.6546], [-51.3779, -27.66], [-51.3601, -27.6788], [-51.3151, -27.6751], [-51.3088, -27.7195], [-51.2733, -27.7355], [-51.2226, -27.7232], [-51.1928, -27.6546], [-51.2152, -27.6187], [-51.2856, -27.6299], [-51.315, -27.6016], [-51.4077, -27.5943], [-51.4573, -27.6075]]]}}, {"type": "Feature", "id": "4204178", "properties": {"codigo_ibge": "4204178"}, "geometry": {"type": "Polygon", "coordinates": [[[-50.9589, -27.6457], [-50.9102, -27.6808], [-50.9197, -27.7316], [-50.9602, -27.7566], [-50.9344, -27.8174], [-50.9889, -27.8191], [-51.0534, -27.8689], [-51.0567, -27.8868], [-51.0199, -27.9225], [-51.0015, -27.9632], [-50.9784, -27.9482], [-50.9283, -27.9298], [-50.9271, -27.904], [-50.8899, -27.8951], [-50.8632, -27.8021], [-50.8417, -27.7521], [-50.8471, -27.6938], [-50.875, -27.6022], [-50.9013, -27.5733], [-50.9349, -27.5796], [-50.9916, -27.6192], [-50.9589, -27.6457]]]}}, {"type": "Feature", "id": "4204194", "properties": {"codigo_ibge": "4204194"}, "geometry": {"type": "Polygon", "coordinates": [[[-49.5916, -27.5714], [-49.6127, -27.5833], [-49.6205, -27.6188], [-49.6352, -27.6621], [-49.5558, -27.6174], [-49.5066, -27.6007], [-49.4729, -27.5658], [-49.4923, -27.5345], [-49.5464, -27.5118], [-49.5916, -27.5714]]]}}, {"type": "Feature", "id": "4204202", "properties": {"codigo_ibge": "4204202"}, "geometry": {"type": "Polygon", "coordinates": [[[-52.5864, -27.0306], [-52.6102, -27.0355], [-52.6422, -26.9933], [-52.6906, -26.9928], [-52.7168, -26.9735], [-52.7577, -26.9419], [-52.7688, -26.9947], [-52.8405, -27.018], [-52.8396, -27.0441], [-52.7793, -27.0531], [-52.7598, -27.0143], [-52.7219, -27.04], [-52.7321, -27.0843], [-52.7075, -27.0961], [-52.7222, -27.1532], [-52.7855, -27.206], [-52.7605, -27.2132], [-52.763, -27.2492], [-52.7138, -27.2377], [-52.6915, -27.2844], [-52.6764, -27.2457], [-52.6179, -27.2657], [-52.5446, -27.2406], [-52.5073, -27.1595], [-52.4893, -27.1142], [-52.5088, -27.0938], [-52.5517, -27.0713], [-52.5864, -27.0306]]]}}, {"type": "Feature", "id": "4204251", "properties": {"codigo_ibge": "4204251"}, "geometry": {"type": "Polygon", "coordinates": [[[-49.2529, -28.5887], [-49.3504, -28.5624], [-49.3858, -28.5798], [-49.4015, -28.6006], [-49.3693, -28.6342], [-49.3588, -28.6366], [-49.2919, -28.6213], [-49.2453, -28.5906], [-49.2529, -28.5887]]]}}, {"type": "Feature", "id": "4204301", "properties": {"codigo_ibge": "4204301"}, "geometry": {"type": "Polygon", "coordinates": [[[-52.049, -27.3463], [-51.9834, -27.3751], [-51.9394, -27.3356], [-51.9036, -27.3005], [-51.8586, -27.3194], [-51.8224, -27.2965], [-51.7984, -27.2913], [-51.7903, -27.2589], [-51.8332, -27.234], [-51.8147, -27.1877], [-51.8261, -27.1597], [-51.8748, -27.1216], [-51.9026, -27.1292], [-51.9719, -27.1087], [-51.9938, -27.1188], [-52.0464, -27.1405], [-52.0924, -27.1565], [-52.1167, -27.1839], [-52.1927, -27.1996], [-52.2354, -27.2513], [-52.2613, -27.2569], [-52.268, -27.2832], [-52.2248, -27.3306], [-52.1263, -27.3025], [-52.1071, -27.3434], [-52.049, -27.3463]]]}}, {"type": "Feature", "id": "4204350", "properties": {"codigo_ibge": "4204350"}, "geometry": {"type": "Polygon", "coordinates": [[[-52.7168, -26.9735], [-52.6906, -26.9928], [-52.6422, -26.9933], [-52.6102, -27.0355], [-52.5864, -27.0306], [-52.5847, -26.9738], [-52.6149, -26.9339], [-52.632, -26.9508], [-52.6651, -26.922], [-52.7168, -26.9735]]]}}, {"type": "Feature", "id": "4204400", "properties": {"codigo_ibge": "4204400"}, "geometry": {"type": "Polygon", "coordinates": [[[-52.7169, -26.8036], [-52.764, -26.819], [-52.7917, -26.7892], [-52.8048, -26.8307], [-52.7861, -26.8856], [-52.8453, -26.8929], [-52.8573, -26.9167], [-52.8065, -26.9004], [-52.7577, -26.9419], [-52.7168, -26.9735], [-52.6651, -26.922], [-52.632, -26.9508], [-52.6149, -26.9339], [-52.6276, -26.922], [-52.6208, -26.8648], [-52.6563, -26.8536], [-52.7169, -26.8036]]]}}, {"type": "Feature", "id": "4204459", "properties": {"codigo_ibge": "4204459"}, "geometry": {"type": "Polygon", "coordinates": [[[-52.6106, -26.4898], [-52.6621, -26.4833], [-52.6908, -26.4996], [-52.745, -26.5059], [-52.7071, -26.5835], [-52.6717, -26.6015], [-52.6494, -26.5699], [-52.6075, -26.5406], [-52.6106, -26.4898]]]}}, {"type": "Feature", "id": "4204509", "properties": {"codigo_ibge": "4204509"}, "geometry": {"type": "Polygon", "coordinates": [[[-49.1689, -26.308], [-49.1867, -26.3451], [-49.1759, -26.3656], [-49.231, -26.3971], [-49.2905, -26.3708], [-49.3403, -26.3786], [-49.4029, -26.3494], [-49.4335, -26.3688], [-49.4457, -26.427], [-49.4836, -26.42], [-49.4921, -26.4398], [-49.4414, -26.489], [-49.4172, -26.5101], [-49.3771, -26.4885], [-49.3321, -26.5386], [-49.2914, -26.5471], [-49.2535, -26.5059], [-49.2132, -26.4861], [-49.188, -26.3901], [-49.1671, -26.3804], [-49.1689, -26.308]]]}}, {"type": "Feature", "id": "4204558", "properties": {"codigo_ibge": "4204558"}, "geometry": {"type": "Polygon", "coordinates": [[[-50.39, -27.73], [-50.309, -27.7486], [-50.2731, -27.6759], [-50.1943, -27.6327], [-50.1911, -27.5936], [-50.224, -27.5321], [-50.2697, -27.525], [-50.3258, -27.5261], [-50.3952, -27.5467], [-50.3764, -27.5019], [-50.4019, -27.4754], [-50.4597, -27.4933], [-50.4868, -27.4586], [-50.514, -27.457], [-50.5693, -27.5041], [-50.5282, -27.5622], [-50.5058, -27.62], [-50.4659, -27.6659], [-50.4257, -27.6765], [-50.39, -27.73]]]}}, {"type": "Feature", "id": "4204608", "properties": {"codigo_ibge": "4204608"}, "geometry": {"type": "Polygon", "coordinates": [[[-49.3979, -28.8336], [-49.3515, -28.8552], [-49.3571, -28.7553], [-49.3355, -28.7544], [-49.3326, -28.6792], [-49.2436, -28.6746], [-49.2937, -28.6384], [-49.3588, -28.6366], [-49.3693, -28.6342], [-49.4517, -28.6339], [-49.4765, -28.7127], [-49.4232, -28.7129], [-49.4067, -28.7378], [-49.4333, -28.7577], [-49.4249, -28.8145], [-49.3979, -28.8336]]]}}, {"type": "Feature", "id": "4204707", "properties": {"codigo_ibge": "4204707"}, "geometry": {"type": "Polygon", "coordinates": [[[-53.285, -26.9236], [-53.1909, -26.9511], [-53.1431, -26.9438], [-53.1118, -26.9245], [-53.1281, -26.8421], [-53.1158, -26.8153], [-53.1207, -26.8086], [-53.1965, -26.8015], [-53.2412, -26.8133], [-53.2951, -26.8972], [-53.285, -26.9236]]]}}, {"type": "Feature", "id": "4204756", "properties": {"codigo_ibge": "4204756"}, "geometry": {"type": "Polygon", "coordinates": [[[-53.108, -27.0312], [-53.0905, -26.9913], [-53.0466, -26.9678], [-53.1118, -26.9245], [-53.1431, -26.9438], [-53.1343, -26.9947], [-53.108, -27.0312]]]}}, {"type": "Feature", "id": "4204806", "properties": {"codigo_ibge": "4204806"}, "geometry": {"type": "Polygon", "coordinates": [[[-50.7541, -27.4223], [-50.7153, -27.451], [-50.6909, -27.426], [-50.6649, -27.4645], [-50.6341, -27.4542], [-50.5637, -27.4699], [-50.5693, -27.5041], [-50.514, -27.457], [-50.4868, -27.4586], [-50.4814, -27.4025], [-50.4637, -27.3669], [-50.4628, -27.3288], [-50.4918, -27.3095], [-50.508, -27.2586], [-50.5018, -27.2184], [-50.6097, -27.1909], [-50.5928, -27.1403], [-50.5412, -27.1461], [-50.5263, -27.12], [-50.53, -27.0902], [-50.5645, -27.0572], [-50.5975, -27.0506], [-50.6579, -27.0869], [-50.7078, -27.1008], [-50.6992, -27.1368], [-50.6812, -27.1568], [-50.7023, -27.189], [-50.7305, -27.2028], [-50.7654, -27.3057], [-50.7541, -27.4223]]]}}, {"type": "Feature", "id": "4204905", "properties": {"codigo_ibge": "4204905"}, "geometry": {"type": "Polygon", "coordinates": [[[-53.536, -26.9458], [-53.5134, -26.9361], [-53.4109, -26.9517], [-53.4081, -26.8885], [-53.4158, -26.8628], [-53.3847, -26.8327], [-53.3956, -26.807], [-53.389, -26.7707], [-53.5057, -26.7757], [-53.5089, -26.7997], [-53.5871, -26.8017], [-53.6062, -26.8181], [-53.5459, -26.8345], [-53.5589, -26.8937], [-53.5757, -26.8957], [-53.536, -26.9458]]]}}, {"type": "Feature", "id": "4205001", "properties": {"codigo_ibge": "4205001"}, "geometry": {"type": "Polygon", "coordinates": [[[-53.4309, -26.2821], [-53.4958, -26.3028], [-53.5573, -26.2871], [-53.5843, -26.2591], [-53.639, -26.2508], [-53.6444, -26.282], [-53.6859, -26.3357], [-53.7073, -26.3954], [-53.6888, -26.4286], [-53.6668, -26.4256], [-53.6043, -26.3764], [-53.5833, -26.4131], [-53.5604, -26.375], [-53.3943, -26.3661], [-53.343, -26.2972], [-53.3423, -26.2491], [-53.3761, -26.2416], [-53.4304, -26.2819], [-53.4309, -26.2821]]]}}, {"type": "Feature", "id": "4205100", "properties": {"codigo_ibge": "4205100"}, "geometry": {"type": "Polygon", "coordinates": [[[-49.845, -27.0236], [-49.773, -27.026], [-49.6971, -27.0432], [-49.7089, -27.0161], [-49.6835, -26.9837], [-49.6902, -26.9247], [-49.709, -26.918], [-49.7308, -26.9605], [-49.8334, -26.9482], [-49.9112, -26.9629], [-49.8962, -26.997], [-49.876, -27.0207], [-49.845, -27.0236]]]}}, {"type": "Feature", "id": "4205159", "properties": {"codigo_ibge": "4205159"}, "geometry": {"type": "Polygon", "coordinates": [[[-49.6811, -26.7029], [-49.6449, -26.7786], [-49.5654, -26.7858], [-49.5486, -26.8567], [-49.5064, -26.7893], [-49.4536, -26.7659], [-49.4484, -26.7146], [-49.4749, -26.6976], [-49.4884, -26.66], [-49.5079, -26.5981], [-49.5313, -26.5651], [-49.5646, -26.566], [-49.5802, -26.5797], [-49.586, -26.6249], [-49.6158, -26.6392], [-49.6223, -26.7045], [-49.6521, -26.6932], [-49.6811, -26.7029]]]}}, {"type": "Feature", "id": "4205175", "properties": {"codigo_ibge": "4205175"}, "geometry": {"type": "Polygon", "coordinates": [[[-52.5348, -26.809], [-52.5346, -26.7114], [-52.563, -26.6718], [-52.6074, -26.6749], [-52.5979, -26.7192], [-52.6454, -26.7509], [-52.623, -26.7716], [-52.5858, -26.8011], [-52.5507, -26.8009], [-52.5348, -26.809]]]}}, {"type": "Feature", "id": "4205191", "properties": {"codigo_ibge": "4205191"}, "geometry": {"type": "Polygon", "coordinates": [[[-49.6056, -28.952], [-49.648, -28.9588], [-49.6532, -28.9837], [-49.7064, -28.9669], [-49.7257, -29.0032], [-49.6989, -29.0205], [-49.6234, -29.018], [-49.5803, -28.984], [-49.6056, -28.952]]]}}, {"type": "Feature", "id": "4205209", "properties": {"codigo_ibge": "4205209"}, "geometry": {"type": "Polygon", "coordinates": [[[-51.5396, -27.2825], [-51.5144, -27.3165], [-51.4588, -27.3437], [-51.4379, -27.3161], [-51.4121, -27.3293], [-51.3318, -27.3414], [-51.3005, -27.2926], [-51.3259, -27.2612], [-51.4142, -27.2313], [-51.4669, -27.2211], [-51.5297, -27.2454], [-51.5396, -27.2825]]]}}, {"type": "Feature", "id": "4205308", "properties": {"codigo_ibge": "4205308"}, "geometry": {"type": "Polygon", "coordinates": [[[-52.1545, -26.9263], [-52.1629, -26.8944], [-52.2044, -26.8667], [-52.1894, -26.8248], [-52.1982, -26.7956], [-52.1548, -26.7812], [-52.1231, -26.7248], [-52.1853, -26.7129], [-52.2328, -26.7593], [-52.3169, -26.7532], [-52.3616, -26.7594], [-52.3552, -26.7848], [-52.3218, -26.8338], [-52.3078, -26.8996], [-52.338, -26.9448], [-52.2648, -26.9588], [-52.2338, -26.9473], [-52.1929, -26.9595], [-52.1542, -26.9488], [-52.1545, -26.9263]]]}}, {"type": "Feature", "id": "4205357", "properties": {"codigo_ibge": "4205357"}, "geometry": {"type": "Polygon", "coordinates": [[[-53.306, -26.721], [-53.3382, -26.7239], [-53.3652, -26.7659], [-53.389, -26.7707], [-53.3956, -26.807], [-53.2957, -26.7845], [-53.2873, -26.735], [-53.306, -26.721]]]}}, {"type": "Feature", "id": "4205407", "properties": {"codigo_ibge": "4205407"}, "geometry": {"type": "Polygon", "coordinates": [[[-48.5766, -27.844], [-48.5425, -27.8277], [-48.5343, -27.7958], [-48.4978, -27.795], [-48.4782, -27.7619], [-48.5075, -27.7443], [-48.4673, -27.6512], [-48.4177, -27.5892], [-48.4293, -27.5552], [-48.4064, -27.5071], [-48.3736, -27.4717], [-48.4172, -27.3806], [-48.4835, -27.3783], [-48.5263, -27.4083], [-48.5328, -27.4276], [-48.5849, -27.4548], [-48.5908, -27.4835], [-48.5762, -27.5172], [-48.5697, -27.5487], [-48.5971, -27.5703], [-48.6133, -27.6184], [-48.6027, -27.6626], [-48.6018, -27.778], [-48.5766, -27.844]]]}}, {"type": "Feature", "id": "4205431", "properties": {"codigo_ibge": "4205431"}, "geometry": {"type": "Polygon", "coordinates": [[[-52.7438, -26.658], [-52.7314, -26.6348], [-52.7485, -26.595], [-52.7605, -26.5866], [-52.8396, -26.593], [-52.8449, -26.6695], [-52.8463, -26.6699], [-52.802, -26.686], [-52.7438, -26.658]]]}}, {"type": "Feature", "id": "4205456", "properties": {"codigo_ibge": "4205456"}, "geometry": {"type": "Polygon", "coordinates": [[[-49.4249, -28.8145], [-49.4333, -28.7577], [-49.4067, -28.7378], [-49.4232, -28.7129], [-49.4765, -28.7127], [-49.5128, -28.7209], [-49.5267, -28.751], [-49.5695, -28.7533], [-49.5955, -28.7758], [-49.5331, -28.8325], [-49.5169, -28.8578], [-49.4601, -28.8462], [-49.4249, -28.8145]]]}}, {"type": "Feature", "id": "4205506", "properties": {"codigo_ibge": "4205506"}, "geometry": {"type": "Polygon", "coordinates": [[[-51.0087, -27.1202], [-50.9515, -27.1319], [-50.9298, -27.1189], [-50.8804, -27.1266], [-50.8768, -27.1463], [-50.8379, -27.1842], [-50.8279, -27.1584], [-50.7843, -27.1182], [-50.7351, -27.1207], [-50.6992, -27.1368], [-50.7078, -27.1008], [-50.7345, -27.0681], [-50.7332, -27.0178], [-50.7595, -26.9938], [-50.8209, -26.9915], [-50.8474, -26.9187], [-50.846, -26.8729], [-50.9903, -26.9618], [-50.9862, -26.9792], [-51.0454, -26.9863], [-51.0135, -27.0059], [-51.0062, -27.0349], [-50.9758, -27.0374], [-50.9733, -27.0836], [-51.0087, -27.1202]]]}}, {"type": "Feature", "id": "4205555", "properties": {"codigo_ibge": "4205555"}, "geometry": {"type": "Polygon", "coordinates": [[[-50.7654, -27.3057], [-50.7305, -27.2028], [-50.7023, -27.189], [-50.6812, -27.1568], [-50.6992, -27.1368], [-50.7351, -27.1207], [-50.7843, -27.1182], [-50.8279, -27.1584], [-50.8379, -27.1842], [-50.8207, -27.2295], [-50.7776, -27.2668], [-50.7654, -27.3057]]]}}, {"type": "Feature", "id": "4205605", "properties": {"codigo_ibge": "4205605"}, "geometry": {"type": "Polygon", "coordinates": [[[-52.6106, -26.4898], [-52.6022, -26.4607], [-52.557, -26.4078], [-52.5958, -26.4161], [-52.645, -26.3809], [-52.7294, -26.4398], [-52.7405, -26.4625], [-52.745, -26.5059], [-52.6908, -26.4996], [-52.6621, -26.4833], [-52.6106, -26.4898]]]}}, {"type": "Feature", "id": "4205704", "properties": {"codigo_ibge": "4205704"}, "geometry": {"type": "Polygon", "coordinates": [[[-48.6343, -28.113], [-48.6318, -28.0849], [-48.6029, -28.0334], [-48.6321, -27.9998], [-48.6209, -27.9449], [-48.6498, -27.966], [-48.6716, -28.0038], [-48.7198, -28.0459], [-48.707, -28.0826], [-48.6669, -28.1177], [-48.6343, -28.113]]]}}, {"type": "Feature", "id": "4205803", "properties": {"codigo_ibge": "4205803"}, "geometry": {"type": "Polygon", "coordinates": [[[-49.0569, -26.076], [-49.042, -26.114], [-48.9752, -26.1252], [-48.8283, -26.1231], [-48.7837, -26.1531], [-48.742, -26.1275], [-48.6923, -26.0826], [-48.7162, -26.0445], [-48.7116, -26.0076], [-48.6821, -25.9837], [-48.9605, -25.9808], [-48.9504, -25.99], [-48.9561, -26.0188], [-49.0035, -26.026], [-49.0301, -26.0101], [-49.052, -26.028], [-49.0569, -26.076]]]}}, {"type": "Feature", "id": "4205902", "properties": {"codigo_ibge": "4205902"}, "geometry": {"type": "Polygon", "coordinates": [[[-48.8658, -27.0034], [-48.8432, -26.9636], [-48.854, -26.9207], [-48.8943, -26.8904], [-48.9359, -26.8425], [-48.9824, -26.8291], [-48.9872, -26.8088], [-49.0303, -26.7784], [-49.0504, -26.7886], [-49.0387, -26.8389], [-49.0442, -26.8778], [-49.0123, -26.9069], [-49.0575, -26.9547], [-49.0572, -27.0615], [-48.9612, -27.0226], [-48.9345, -27.0279], [-48.8658, -27.0034]]]}}, {"type": "Feature", "id": "4206009", "properties": {"codigo_ibge": "4206009"}, "geometry": {"type": "Polygon", "coordinates": [[[-48.5263, -27.4083], [-48.5398, -27.3196], [-48.5948, -27.3161], [-48.6271, -27.3249], [-48.6293, -27.4029], [-48.5849, -27.4548], [-48.5328, -27.4276], [-48.5263, -27.4083]]]}}, {"type": "Feature", "id": "4206108", "properties": {"codigo_ibge": "4206108"}, "geometry": {"type": "Polygon", "coordinates": [[[-49.2756, -28.2479], [-49.1982, -28.2277], [-49.1887, -28.1783], [-49.1988, -28.1545], [-49.2164, -28.1634], [-49.268, -28.1122], [-49.2967, -28.1042], [-49.3071, -28.0571], [-49.3418, -28.0172], [-49.3224, -27.9838], [-49.3493, -27.9962], [-49.372, -28.066], [-49.4042, -28.0823], [-49.3928, -28.1101], [-49.4404, -28.1328], [-49.3978, -28.1583], [-49.3958, -28.1934], [-49.3474, -28.2388], [-49.2756, -28.2479]]]}}, {"type": "Feature", "id": "4206207", "properties": {"codigo_ibge": "4206207"}, "geometry": {"type": "Polygon", "coordinates": [[[-49.1014, -28.3627], [-49.0717, -28.3946], [-49.024, -28.4014], [-48.979, -28.422], [-48.9372, -28.3836], [-48.9481, -28.3591], [-48.9549, -28.3188], [-48.9942, -28.301], [-49.0364, -28.3042], [-49.0787, -28.2738], [-49.1051, -28.3586], [-49.1014, -28.3627]]]}}, {"type": "Feature", "id": "4206306", "properties": {"codigo_ibge": "4206306"}, "geometry": {"type": "Polygon", "coordinates": [[[-48.9345, -27.0279], [-48.9612, -27.0226], [-49.0572, -27.0615], [-49.0573, -27.0907], [-49.1385, -27.1325], [-49.1033, -27.1388], [-49.0803, -27.1746], [-49.0397, -27.1863], [-49.0174, -27.1647], [-48.9495, -27.0963], [-48.9345, -27.0279]]]}}, {"type": "Feature", "id": "4206405", "properties": {"codigo_ibge": "4206405"}, "geometry": {"type": "Polygon", "coordinates": [[[-53.5984, -26.6582], [-53.5364, -26.6468], [-53.495, -26.6598], [-53.4475, -26.6344], [-53.4245, -26.6035], [-53.4588, -26.5483], [-53.4937, -26.5212], [-53.5553, -26.5287], [-53.5813, -26.5156], [-53.6375, -26.5164], [-53.6907, -26.5048], [-53.7209, -26.5378], [-53.7307, -26.6007], [-53.6752, -26.5791], [-53.6314, -26.6122], [-53.5984, -26.6582]]]}}, {"type": "Feature", "id": "4206504", "properties": {"codigo_ibge": "4206504"}, "geometry": {"type": "Polygon", "coordinates": [[[-48.8391, -26.4407], [-48.8756, -26.3826], [-48.9063, -26.3735], [-48.9305, -26.4212], [-49.0036, -26.3891], [-49.0286, -26.457], [-49.0167, -26.5067], [-49.0508, -26.5154], [-49.0164, -26.5466], [-49.0121, -26.5723], [-48.9782, -26.5734], [-48.9402, -26.5441], [-48.8992, -26.5421], [-48.86, -26.5625], [-48.832, -26.5307], [-48.8735, -26.5352], [-48.906, -26.4965], [-48.8762, -26.4515], [-48.8391, -26.4407]]]}}, {"type": "Feature", "id": "4206603", "properties": {"codigo_ibge": "4206603"}, "geometry": {"type": "Polygon", "coordinates": [[[-53.5408, -26.4273], [-53.4027, -26.4277], [-53.3943, -26.3661], [-53.5604, -26.375], [-53.5833, -26.4131], [-53.5408, -26.4273]]]}}, {"type": "Feature", "id": "4206652", "properties": {"codigo_ibge": "4206652"}, "geometry": {"type": "Polygon", "coordinates": [[[-52.7855, -27.206], [-52.7222, -27.1532], [-52.7075, -27.0961], [-52.7321, -27.0843], [-52.7219, -27.04], [-52.7598, -27.0143], [-52.7793, -27.0531], [-52.8396, -27.0441], [-52.8291, -27.1068], [-52.852, -27.1125], [-52.8385, -27.1575], [-52.8513, -27.1703], [-52.8457, -27.2074], [-52.801, -27.2034], [-52.7855, -27.206]]]}}, {"type": "Feature", "id": "4206702", "properties": {"codigo_ibge": "4206702"}, "geometry": {"type": "Polygon", "coordinates": [[[-51.5297, -27.2454], [-51.4669, -27.2211], [-51.4142, -27.2313], [-51.3259, -27.2612], [-51.2808, -27.2129], [-51.4315, -27.1171], [-51.4804, -27.1451], [-51.5137, -27.2079], [-51.54, -27.2378], [-51.5297, -27.2454]]]}}, {"type": "Feature", "id": "4206751", "properties": {"codigo_ibge": "4206751"}, "geometry": {"type": "Polygon", "coordinates": [[[-51.2808, -27.2129], [-51.2213, -27.236], [-51.2101, -27.26], [-51.158, -27.2874], [-51.1126, -27.239], [-51.1834, -27.1963], [-51.186, -27.1784], [-51.2334, -27.1389], [-51.2594, -27.1367], [-51.2939, -27.1616], [-51.3215, -27.1514], [-51.2808, -27.2129]]]}}, {"type": "Feature", "id": "4206801", "properties": {"codigo_ibge": "4206801"}, "geometry": {"type": "Polygon", "coordinates": [[[-51.4315, -27.1171], [-51.2808, -27.2129], [-51.3215, -27.1514], [-51.3337, -27.1263], [-51.3195, -27.077], [-51.299, -27.0575], [-51.3175, -27.0188], [-51.3342, -27.02], [-51.3453, -27.04], [-51.4207, -27.0391], [-51.4622, -27.0277], [-51.4567, -27.0698], [-51.426, -27.0843], [-51.4315, -27.1171]]]}}, {"type": "Feature", "id": "4206900", "properties": {"codigo_ibge": "4206900"}, "geometry": {"type": "Polygon", "coordinates": [[[-49.4653, -26.9401], [-49.5438, -26.892], [-49.5445, -26.9134], [-49.5774, -26.9527], [-49.5815, -27.0022], [-49.6011, -27.011], [-49.5855, -27.0874], [-49.592, -27.128], [-49.5368, -27.117], [-49.4956, -27.0788], [-49.4731, -27.0885], [-49.469, -27.0051], [-49.4653, -26.9401]]]}}, {"type": "Feature", "id": "4207007", "properties": {"codigo_ibge": "4207007"}, "geometry": {"type": "Polygon", "coordinates": [[[-49.2436, -28.6746], [-49.3326, -28.6792], [-49.3355, -28.7544], [-49.3571, -28.7553], [-49.3515, -28.8552], [-49.3296, -28.8649], [-49.3026, -28.8475], [-49.2422, -28.779], [-49.205, -28.7766], [-49.2036, -28.7497], [-49.1742, -28.6991], [-49.176, -28.6845], [-49.2436, -28.6746]]]}}, {"type": "Feature", "id": "4207106", "properties": {"codigo_ibge": "4207106"}, "geometry": {"type": "Polygon", "coordinates": [[[-48.8432, -26.9636], [-48.7994, -26.9666], [-48.7606, -26.9423], [-48.786, -26.9146], [-48.763, -26.8871], [-48.7598, -26.8552], [-48.7729, -26.8327], [-48.82, -26.8235], [-48.8984, -26.7627], [-48.9872, -26.8088], [-48.9824, -26.8291], [-48.9359, -26.8425], [-48.8943, -26.8904], [-48.854, -26.9207], [-48.8432, -26.9636]]]}}, {"type": "Feature", "id": "4207205", "properties": {"codigo_ibge": "4207205"}, "geometry": {"type": "Polygon", "coordinates": [[[-48.9481, -28.3591], [-48.8044, -28.356], [-48.7746, -28.3613], [-48.755, -28.3249], [-48.7248, -28.2528], [-48.7412, -28.2113], [-48.7313, -28.1561], [-48.7617, -28.0904], [-48.8075, -28.0935], [-48.8323, -28.0716], [-48.869, -28.0804], [-48.8836, -28.1498], [-48.9262, -28.1412], [-48.9386, -28.1751], [-48.9114, -28.2159], [-48.9216, -28.235], [-48.9558, -28.2691], [-48.9549, -28.3188], [-48.9481, -28.3591]]]}}, {"type": "Feature", "id": "4207304", "properties": {"codigo_ibge": "4207304"}, "geometry": {"type": "Polygon", "coordinates": [[[-48.7063, -28.3414], [-48.7092, -28.3234], [-48.6754, -28.2565], [-48.6476, -28.2347], [-48.6672, -28.2138], [-48.6584, -28.1677], [-48.6343, -28.113], [-48.6669, -28.1177], [-48.707, -28.0826], [-48.7617, -28.0904], [-48.7313, -28.1561], [-48.7412, -28.2113], [-48.7248, -28.2528], [-48.755, -28.3249], [-48.7063, -28.3414]]]}}, {"type": "Feature", "id": "4207403", "properties": {"codigo_ibge": "4207403"}, "geometry": {"type": "Polygon", "coordinates": [[[-49.4654, -27.4455], [-49.4799, -27.5229], [-49.4548, -27.537], [-49.4308, -27.517], [-49.4039, -27.5609], [-49.3545, -27.5627], [-49.3227, -27.5888], [-49.3006, -27.5844], [-49.3185, -27.5722], [-49.3626, -27.551], [-49.3553, -27.4915], [-49.4049, -27.4489], [-49.4654, -27.4455]]]}}, {"type": "Feature", "id": "4207502", "properties": {"codigo_ibge": "4207502"}, "geometry": {"type": "Polygon", "coordinates": [[[-49.3176, -27.0218], [-49.2974, -27.0564], [-49.2644, -27.0628], [-49.2473, -27.1286], [-49.2205, -27.1635], [-49.211, -27.1577], [-49.1546, -27.1196], [-49.1312, -27.0683], [-49.1365, -27.0147], [-49.1629, -26.9904], [-49.1601, -26.8856], [-49.198, -26.8363], [-49.2071, -26.8304], [-49.2542, -26.87], [-49.2847, -26.8807], [-49.305, -26.848], [-49.3151, -26.8995], [-49.2894, -26.9505], [-49.3158, -26.9593], [-49.3004, -26.9971], [-49.3176, -27.0218]]]}}, {"type": "Feature", "id": "4207577", "properties": {"codigo_ibge": "4207577"}, "geometry": {"type": "Polygon", "coordinates": [[[-51.2829, -26.9235], [-51.3516, -26.9812], [-51.3342, -27.02], [-51.3175, -27.0188], [-51.2485, -27.0338], [-51.1963, -27.0288], [-51.2102, -26.9831], [-51.2322, -26.9556], [-51.2829, -26.9235]]]}}, {"type": "Feature", "id": "4207601", "properties": {"codigo_ibge": "4207601"}, "geometry": {"type": "Polygon", "coordinates": [[[-51.87, -27.4496], [-51.8081, -27.4225], [-51.7589, -27.415], [-51.7329, -27.3921], [-51.7297, -27.3567], [-51.7605, -27.3067], [-51.7564, -27.2809], [-51.7984, -27.2913], [-51.8224, -27.2965], [-51.8177, -27.3698], [-51.8382, -27.3725], [-51.8821, -27.4259], [-51.87, -27.4496]]]}}, {"type": "Feature", "id": "4207650", "properties": {"codigo_ibge": "4207650"}, "geometry": {"type": "Polygon", "coordinates": [[[-53.5874, -27.0091], [-53.5469, -27.0248], [-53.542, -27.0873], [-53.5197, -27.0816], [-53.4894, -27.0823], [-53.4482, -27.0392], [-53.4501, -27.0093], [-53.3754, -27.0154], [-53.4109, -26.9517], [-53.5134, -26.9361], [-53.536, -26.9458], [-53.5828, -26.9532], [-53.5591, -26.9926], [-53.5874, -27.0091]]]}}, {"type": "Feature", "id": "4207684", "properties": {"codigo_ibge": "4207684"}, "geometry": {"type": "Polygon", "coordinates": [[[-52.3932, -26.6836], [-52.4109, -26.6652], [-52.3929, -26.6365], [-52.4181, -26.5873], [-52.4646, -26.5699], [-52.5225, -26.613], [-52.5194, -26.6279], [-52.563, -26.6718], [-52.5346, -26.7114], [-52.5348, -26.809], [-52.5011, -26.774], [-52.4421, -26.749], [-52.4295, -26.7674], [-52.4079, -26.7436], [-52.4244, -26.7233], [-52.3932, -26.6836]]]}}, {"type": "Feature", "id": "4207700", "properties": {"codigo_ibge": "4207700"}, "geometry": {"type": "Polygon", "coordinates": [[[-52.2278, -27.0682], [-52.2007, -27.0942], [-52.138, -27.1054], [-52.0924, -27.1565], [-52.0464, -27.1405], [-52.0491, -27.097], [-52.091, -27.0747], [-52.1228, -27.0411], [-52.1063, -26.9966], [-52.1093, -26.9544], [-52.1485, -26.9294], [-52.1545, -26.9263], [-52.1542, -26.9488], [-52.1929, -26.9595], [-52.2338, -26.9473], [-52.2469, -27.0371], [-52.2278, -27.0682]]]}}, {"type": "Feature", "id": "4207759", "properties": {"codigo_ibge": "4207759"}, "geometry": {"type": "Polygon", "coordinates": [[[-53.285, -26.9236], [-53.2951, -26.8972], [-53.2412, -26.8133], [-53.2957, -26.7845], [-53.3956, -26.807], [-53.3847, -26.8327], [-53.4158, -26.8628], [-53.4081, -26.8885], [-53.3686, -26.8813], [-53.2914, -26.9284], [-53.285, -26.9236]]]}}, {"type": "Feature", "id": "4207809", "properties": {"codigo_ibge": "4207809"}, "geometry": {"type": "Polygon", "coordinates": [[[-51.9938, -27.1188], [-51.9719, -27.1087], [-51.9026, -27.1292], [-51.8748, -27.1216], [-51.8889, -27.1007], [-51.8313, -27.0858], [-51.8023, -27.0404], [-51.8631, -26.9813], [-51.8204, -26.9366], [-51.8262, -26.9234], [-51.8438, -26.9434], [-51.8839, -26.9452], [-51.9305, -26.9292], [-51.9437, -26.9419], [-52.0124, -26.948], [-51.9976, -26.9833], [-52.016, -27.0122], [-51.9999, -27.052], [-51.9938, -27.1188]]]}}, {"type": "Feature", "id": "4207858", "properties": {"codigo_ibge": "4207858"}, "geometry": {"type": "Polygon", "coordinates": [[[-52.9407, -26.614], [-52.9198, -26.6725], [-52.8449, -26.6695], [-52.8396, -26.593], [-52.8773, -26.5951], [-52.9257, -26.581], [-52.9407, -26.614]]]}}, {"type": "Feature", "id": "4207908", "properties": {"codigo_ibge": "4207908"}, "geometry": {"type": "Polygon", "coordinates": [[[-50.8997, -26.2893], [-50.8841, -26.3796], [-50.8434, -26.3812], [-50.8493, -26.428], [-50.8152, -26.4406], [-50.8168, -26.4775], [-50.7974, -26.5082], [-50.7396, -26.5248], [-50.6988, -26.5003], [-50.6392, -26.3775], [-50.6458, -26.3298], [-50.679, -26.2778], [-50.6718, -26.2436], [-50.7033, -26.188], [-50.7299, -26.2034], [-50.7156, -26.2446], [-50.7459, -26.2468], [-50.7627, -26.222], [-50.7999, -26.2313], [-50.8469, -26.2664], [-50.8997, -26.2893]]]}}, {"type": "Feature", "id": "4208005", "properties": {"codigo_ibge": "4208005"}, "geometry": {"type": "Polygon", "coordinates": [[[-52.3978, -27.2925], [-52.3521, -27.2889], [-52.2998, -27.3191], [-52.3061, -27.2657], [-52.2613, -27.2569], [-52.2354, -27.2513], [-52.1927, -27.1996], [-52.2333, -27.1812], [-52.2615, -27.2297], [-52.3296, -27.2362], [-52.3569, -27.2247], [-52.3689, -27.1931], [-52.4019, -27.1906], [-52.4325, -27.2178], [-52.4421, -27.2505], [-52.4192, -27.2824], [-52.3978, -27.2925]]]}}, {"type": "Feature", "id": "4208104", "properties": {"codigo_ibge": "4208104"}, "geometry": {"type": "Polygon", "coordinates": [[[-49.8287, -26.7062], [-49.7503, -26.7851], [-49.7265, -26.7609], [-49.7177, -26.7225], [-49.6811, -26.7029], [-49.6521, -26.6932], [-49.6941, -26.6872], [-49.7072, -26.6477], [-49.6863, -26.6145], [-49.6927, -26.574], [-49.7333, -26.5488], [-49.7345, -26.5228], [-49.7606, -26.4714], [-49.8142, -26.469], [-49.7818, -26.4271], [-49.8194, -26.3682], [-49.8008, -26.3346], [-49.8085, -26.3026], [-49.8489, -26.2409], [-49.957, -26.2563], [-49.9792, -26.2777], [-50.0177, -26.2646], [-50.0984, -26.2783], [-50.1257, -26.2906], [-50.1128, -26.3382], [-50.0722, -26.4128], [-50.0704, -26.4511], [-50.0911, -26.524], [-50.0317, -26.5192], [-49.9945, -26.5062], [-49.9561, -26.5507], [-49.8814, -26.6195], [-49.8287, -26.7062]]]}}, {"type": "Feature", "id": "4208203", "properties": {"codigo_ibge": "4208203"}, "geometry": {"type": "Polygon", "coordinates": [[[-48.6422, -26.9127], [-48.726, -26.8649], [-48.7598, -26.8552], [-48.763, -26.8871], [-48.786, -26.9146], [-48.7606, -26.9423], [-48.7994, -26.9666], [-48.8432, -26.9636], [-48.8658, -27.0034], [-48.8627, -27.0437], [-48.8439, -27.0677], [-48.7891, -27.0971], [-48.748, -27.0233], [-48.7219, -27.0148], [-48.6829, -26.9728], [-48.6283, -26.9601], [-48.6422, -26.9127]]]}}, {"type": "Feature", "id": "4208302", "properties": {"codigo_ibge": "4208302"}, "geometry": {"type": "Polygon", "coordinates": [[[-48.5856, -27.1449], [-48.6139, -27.1005], [-48.5891, -27.061], [-48.6112, -27.0482], [-48.6152, -27.0668], [-48.6792, -27.1001], [-48.661, -27.1253], [-48.69, -27.1414], [-48.6584, -27.1514], [-48.604, -27.1366], [-48.5856, -27.1449]]]}}, {"type": "Feature", "id": "4208401", "properties": {"codigo_ibge": "4208401"}, "geometry": {"type": "Polygon", "coordinates": [[[-53.7327, -27.0042], [-53.7475, -27.0315], [-53.7967, -27.0395], [-53.807, -27.1109], [-53.7995, -27.1468], [-53.8371, -27.1684], [-53.8197, -27.1757], [-53.776, -27.1475], [-53.7516, -27.1881], [-53.7177, -27.1825], [-53.6862, -27.1636], [-53.6513, -27.1766], [-53.6307, -27.2134], [-53.5997, -27.1894], [-53.5478, -27.1764], [-53.5481, -27.1561], [-53.5882, -27.144], [-53.6155, -27.1663], [-53.6408, -27.1554], [-53.663, -27.1083], [-53.6433, -27.0438], [-53.7327, -27.0042]]]}}, {"type": "Feature", "id": "4208450", "properties": {"codigo_ibge": "4208450"}, "geometry": {"type": "Polygon", "coordinates": [[[-48.742, -26.1275], [-48.6272, -26.183], [-48.6217, -26.2073], [-48.5694, -26.1677], [-48.598, -26.1291], [-48.6063, -26.0196], [-48.5953, -25.9768], [-48.6821, -25.9837], [-48.7116, -26.0076], [-48.7162, -26.0445], [-48.6923, -26.0826], [-48.742, -26.1275]]]}}, {"type": "Feature", "id": "4208500", "properties": {"codigo_ibge": "4208500"}, "geometry": {"type": "Polygon", "coordinates": [[[-49.5916, -27.5714], [-49.5464, -27.5118], [-49.4923, -27.5345], [-49.4729, -27.5658], [-49.4294, -27.5837], [-49.4039, -27.5609], [-49.4308, -27.517], [-49.4548, -27.537], [-49.4799, -27.5229], [-49.4654, -27.4455], [-49.4718, -27.3738], [-49.4583, -27.357], [-49.4805, -27.3054], [-49.5029, -27.3424], [-49.5652, -27.3987], [-49.6595, -27.3884], [-49.6935, -27.3907], [-49.6747, -27.4589], [-49.6373, -27.452], [-49.5824, -27.4769], [-49.6016, -27.5201], [-49.5916, -27.5714]]]}}, {"type": "Feature", "id": "4208609", "properties": {"codigo_ibge": "4208609"}, "geometry": {"type": "Polygon", "coordinates": [[[-51.6765, -27.1166], [-51.7239, -27.1118], [-51.7582, -27.0875], [-51.8313, -27.0858], [-51.8889, -27.1007], [-51.8748, -27.1216], [-51.8261, -27.1597], [-51.8147, -27.1877], [-51.7721, -27.2067], [-51.7247, -27.2068], [-51.6855, -27.1834], [-51.6922, -27.1531], [-51.6765, -27.1166]]]}}, {"type": "Feature", "id": "4208708", "properties": {"codigo_ibge": "4208708"}, "geometry": {"type": "Polygon", "coordinates": [[[-49.7432, -29.0393], [-49.6989, -29.0205], [-49.7257, -29.0032], [-49.7064, -28.9669], [-49.7713, -28.9389], [-49.7826, -28.904], [-49.8678, -28.88], [-49.8963, -28.89], [-49.9557, -28.9489], [-49.9337, -28.9658], [-49.966, -29.0217], [-49.9576, -29.0682], [-49.9042, -29.103], [-49.877, -29.0947], [-49.832, -29.1218], [-49.8341, -29.0952], [-49.8217, -29.0801], [-49.7432, -29.0393]]]}}, {"type": "Feature", "id": "4208807", "properties": {"codigo_ibge": "4208807"}, "geometry": {"type": "Polygon", "coordinates": [[[-49.1879, -28.8022], [-48.9746, -28.6715], [-48.858, -28.6157], [-48.945, -28.5944], [-48.9938, -28.5586], [-49.0301, -28.5499], [-49.1033, -28.5929], [-49.0714, -28.6275], [-49.0989, -28.6851], [-49.1742, -28.6991], [-49.2036, -28.7497], [-49.205, -28.7766], [-49.1879, -28.8022]]]}}, {"type": "Feature", "id": "4208906", "properties": {"codigo_ibge": "4208906"}, "geometry": {"type": "Polygon", "coordinates": [[[-49.0508, -26.5154], [-49.0167, -26.5067], [-49.0286, -26.457], [-49.0734, -26.4323], [-49.1138, -26.3924], [-49.1126, -26.3712], [-49.1447, -26.3162], [-49.1759, -26.258], [-49.1693, -26.221], [-49.2026, -26.2202], [-49.2525, -26.2685], [-49.1689, -26.308], [-49.1671, -26.3804], [-49.188, -26.3901], [-49.2132, -26.4861], [-49.2535, -26.5059], [-49.2914, -26.5471], [-49.2848, -26.6072], [-49.2231, -26.6205], [-49.1753, -26.6138], [-49.1641, -26.6482], [-49.13, -26.6355], [-49.1142, -26.6131], [-49.0899, -26.5478], [-49.0612, -26.5435], [-49.0508, -26.5154]]]}}, {"type": "Feature", "id": "4208955", "properties": {"codigo_ibge": "4208955"}, "geometry": {"type": "Polygon", "coordinates": [[[-52.8449, -26.6695], [-52.9198, -26.6725], [-52.9004, -26.6825], [-52.9023, -26.7368], [-52.9177, -26.7829], [-52.8793, -26.7545], [-52.8172, -26.734], [-52.8463, -26.6699], [-52.8449, -26.6695]]]}}, {"type": "Feature", "id": "4209003", "properties": {"codigo_ibge": "4209003"}, "geometry": {"type": "Polygon", "coordinates": [[[-51.54, -27.2378], [-51.5137, -27.2079], [-51.4804, -27.1451], [-51.5121, -27.1355], [-51.5912, -27.0788], [-51.6002, -27.0516], [-51.6186, -27.0409], [-51.6609, -27.1126], [-51.6765, -27.1166], [-51.6922, -27.1531], [-51.6855, -27.1834], [-51.6565, -27.2016], [-51.54, -27.2378]]]}}, {"type": "Feature", "id": "4209102", "properties": {"codigo_ibge": "4209102"}, "geometry": {"type": "Polygon", "coordinates": [[[-48.7837, -26.1531], [-48.8283, -26.1231], [-48.9752, -26.1252], [-49.042, -26.114], [-49.0569, -26.076], [-49.0733, -26.0749], [-49.1589, -26.1144], [-49.1891, -26.1454], [-49.1683, -26.1881], [-49.2026, -26.2202], [-49.1693, -26.221], [-49.1759, -26.258], [-49.1447, -26.3162], [-49.1109, -26.2947], [-49.054, -26.29], [-49.0054, -26.3086], [-49.0207, -26.3507], [-49.0036, -26.3891], [-48.9305, -26.4212], [-48.9063, -26.3735], [-48.8756, -26.3826], [-48.8391, -26.4407], [-48.8074, -26.3758], [-48.765, -26.352], [-48.7237, -26.3429], [-48.7572, -26.2939], [-48.7399, -26.2864], [-48.764, -26.2149], [-48.7598, -26.1894], [-48.7837, -26.1531]]]}}, {"type": "Feature", "id": "4209151", "properties": {"codigo_ibge": "4209151"}, "geometry": {"type": "Polygon", "coordinates": [[[-49.709, -26.918], [-49.6902, -26.9247], [-49.6325, -26.9945], [-49.6011, -27.011], [-49.5815, -27.0022], [-49.5774, -26.9527], [-49.5445, -26.9134], [-49.5438, -26.892], [-49.5486, -26.8567], [-49.5654, -26.7858], [-49.6449, -26.7786], [-49.6811, -26.7029], [-49.7177, -26.7225], [-49.7265, -26.7609], [-49.7503, -26.7851], [-49.7065, -26.8456], [-49.7694, -26.8888], [-49.709, -26.918]]]}}, {"type": "Feature", "id": "4209177", "properties": {"codigo_ibge": "4209177"}, "geometry": {"type": "Polygon", "coordinates": [[[-52.7006, -26.358], [-52.7378, -26.3422], [-52.7628, -26.3536], [-52.7554, -26.4545], [-52.7405, -26.4625], [-52.7294, -26.4398], [-52.645, -26.3809], [-52.6802, -26.3527], [-52.7006, -26.358]]]}}, {"type": "Feature", "id": "4209201", "properties": {"codigo_ibge": "4209201"}, "geometry": {"type": "Polygon", "coordinates": [[[-51.5396, -27.2825], [-51.5297, -27.2454], [-51.54, -27.2378], [-51.6565, -27.2016], [-51.6485, -27.2356], [-51.5972, -27.2711], [-51.5953, -27.2983], [-51.5396, -27.2825]]]}}, {"type": "Feature", "id": "4209300", "properties": {"codigo_ibge": "4209300"}, "geometry": {"type": "Polygon", "coordinates": [[[-50.0666, -27.8112], [-50.0771, -27.7828], [-50.0313, -27.7567], [-50.0222, -27.6837], [-49.9997, -27.6407], [-50.013, -27.6065], [-50.0465, -27.5786], [-50.0683, -27.6271], [-50.1379, -27.703], [-50.1508, -27.6529], [-50.1943, -27.6327], [-50.2731, -27.6759], [-50.309, -27.7486], [-50.39, -27.73], [-50.3971, -27.7505], [-50.4478, -27.7742], [-50.4926, -27.7698], [-50.5134, -27.7869], [-50.5424, -27.7653], [-50.5624, -27.729], [-50.6395, -27.7144], [-50.6303, -27.7861], [-50.6085, -27.795], [-50.6051, -27.8329], [-50.5441, -27.8693], [-50.5165, -27.8732], [-50.4674, -27.8558], [-50.3824, -27.8803], [-50.3661, -27.9307], [-50.3743, -27.9656], [-50.4139, -28.0059], [-50.3899, -28.0194], [-50.4478, -28.0816], [-50.4732, -28.0835], [-50.5249, -28.1383], [-50.5095, -28.1907], [-50.5188, -28.2196], [-50.6148, -28.2842], [-50.6531, -28.2929], [-50.6956, -28.2699], [-50.6649, -28.3128], [-50.6652, -28.3379], [-50.5932, -28.3816], [-50.5442, -28.4275], [-50.5316, -28.4078], [-50.4704, -28.4149], [-50.4248, -28.4333], [-50.381, -28.3752], [-50.34, -28.3825], [-50.3138, -28.3552], [-50.2715, -28.343], [-50.2787, -28.3122], [-50.2444, -28.2895], [-50.2458, -28.2575], [-50.2169, -28.2511], [-50.1694, -28.1968], [-50.1739, -28.1612], [-50.1958, -28.1249], [-50.1918, -28.0893], [-50.1997, -27.9932], [-50.182, -27.9373], [-50.2132, -27.8967], [-50.2035, -27.8654], [-50.1374, -27.8535], [-50.1076, -27.8573], [-50.0675, -27.8298], [-50.0666, -27.8112]]]}}, {"type": "Feature", "id": "4209409", "properties": {"codigo_ibge": "4209409"}, "geometry": {"type": "Polygon", "coordinates": [[[-48.858, -28.6157], [-48.8278, -28.6066], [-48.7465, -28.5051], [-48.7651, -28.4599], [-48.7461, -28.4271], [-48.7362, -28.379], [-48.7063, -28.3414], [-48.755, -28.3249], [-48.7746, -28.3613], [-48.8044, -28.356], [-48.8522, -28.427], [-48.9141, -28.4672], [-48.9234, -28.5127], [-48.9038, -28.5328], [-48.945, -28.5944], [-48.858, -28.6157]]]}}, {"type": "Feature", "id": "4209458", "properties": {"codigo_ibge": "4209458"}, "geometry": {"type": "Polygon", "coordinates": [[[-52.5507, -26.8009], [-52.5528, -26.8409], [-52.5938, -26.8395], [-52.6208, -26.8648], [-52.5877, -26.8933], [-52.4705, -26.8568], [-52.5295, -26.8272], [-52.5348, -26.809], [-52.5507, -26.8009]]]}}, {"type": "Feature", "id": "4209508", "properties": {"codigo_ibge": "4209508"}, "geometry": {"type": "Polygon", "coordinates": [[[-49.7174, -27.1439], [-49.7426, -27.1455], [-49.7607, -27.1962], [-49.8023, -27.2483], [-49.7783, -27.252], [-49.7372, -27.2628], [-49.6908, -27.2449], [-49.7174, -27.1439]]]}}, {"type": "Feature", "id": "4209607", "properties": {"codigo_ibge": "4209607"}, "geometry": {"type": "Polygon", "coordinates": [[[-49.3355, -28.4179], [-49.3404, -28.3654], [-49.3606, -28.3412], [-49.4829, -28.3043], [-49.523, -28.307], [-49.5583, -28.3719], [-49.5668, -28.4163], [-49.5353, -28.4361], [-49.4667, -28.4378], [-49.428, -28.4589], [-49.3974, -28.4647], [-49.3355, -28.4179]]]}}, {"type": "Feature", "id": "4209706", "properties": {"codigo_ibge": "4209706"}, "geometry": {"type": "Polygon", "coordinates": [[[-50.846, -26.8729], [-50.8474, -26.9187], [-50.8209, -26.9915], [-50.7595, -26.9938], [-50.7332, -27.0178], [-50.7345, -27.0681], [-50.7078, -27.1008], [-50.6579, -27.0869], [-50.6638, -27.059], [-50.6295, -27.0199], [-50.6183, -26.9526], [-50.591, -26.928], [-50.5883, -26.8638], [-50.5547, -26.8316], [-50.52, -26.8218], [-50.5267, -26.781], [-50.5592, -26.7714], [-50.6491, -26.6997], [-50.6779, -26.6621], [-50.7565, -26.6923], [-50.8066, -26.6552], [-50.8302, -26.6959], [-50.8283, -26.7229], [-50.8001, -26.7685], [-50.846, -26.8729]]]}}, {"type": "Feature", "id": "4209805", "properties": {"codigo_ibge": "4209805"}, "geometry": {"type": "Polygon", "coordinates": [[[-49.3006, -27.5844], [-49.3021, -27.6141], [-49.2557, -27.6547], [-49.2016, -27.6452], [-49.2092, -27.6293], [-49.2628, -27.5719], [-49.2459, -27.51], [-49.2247, -27.4913], [-49.2212, -27.4219], [-49.1881, -27.4076], [-49.1614, -27.3711], [-49.202, -27.3283], [-49.2241, -27.3212], [-49.2784, -27.3339], [-49.3111, -27.3961], [-49.2926, -27.474], [-49.3221, -27.518], [-49.3185, -27.5722], [-49.3006, -27.5844]]]}}, {"type": "Feature", "id": "4209854", "properties": {"codigo_ibge": "4209854"}, "geometry": {"type": "Polygon", "coordinates": [[[-52.1093, -26.9544], [-52.1063, -26.9966], [-52.1228, -27.0411], [-52.091, -27.0747], [-52.0491, -27.097], [-52.0464, -27.1405], [-51.9938, -27.1188], [-51.9999, -27.052], [-52.016, -27.0122], [-51.9976, -26.9833], [-52.0124, -26.948], [-52.0667, -26.9599], [-52.1093, -26.9544]]]}}, {"type": "Feature", "id": "4209904", "properties": {"codigo_ibge": "4209904"}, "geometry": {"type": "Polygon", "coordinates": [[[-49.592, -27.128], [-49.552, -27.2372], [-49.5273, -27.272], [-49.4916, -27.3008], [-49.4471, -27.2554], [-49.4616, -27.2312], [-49.4563, -27.1529], [-49.4674, -27.1051], [-49.4956, -27.0788], [-49.5368, -27.117], [-49.592, -27.128]]]}}, {"type": "Feature", "id": "4210001", "properties": {"codigo_ibge": "4210001"}, "geometry": {"type": "Polygon", "coordinates": [[[-48.9872, -26.8088], [-48.8984, -26.7627], [-48.82, -26.8235], [-48.8111, -26.7896], [-48.8178, -26.7409], [-48.8007, -26.7132], [-48.8016, -26.6812], [-48.817, -26.6391], [-48.8563, -26.6345], [-48.8845, -26.657], [-48.9202, -26.6601], [-48.9369, -26.693], [-48.9804, -26.7367], [-49.013, -26.7457], [-49.0362, -26.7725], [-49.0303, -26.7784], [-48.9872, -26.8088]]]}}, {"type": "Feature", "id": "4210035", "properties": {"codigo_ibge": "4210035"}, "geometry": {"type": "Polygon", "coordinates": [[[-51.4804, -27.1451], [-51.4315, -27.1171], [-51.426, -27.0843], [-51.4567, -27.0698], [-51.5182, -27.0458], [-51.6002, -27.0516], [-51.5912, -27.0788], [-51.5121, -27.1355], [-51.4804, -27.1451]]]}}, {"type": "Feature", "id": "4210050", "properties": {"codigo_ibge": "4210050"}, "geometry": {"type": "Polygon", "coordinates": [[[-51.4365, -26.8558], [-51.3681, -26.8692], [-51.3249, -26.8659], [-51.2818, -26.8782], [-51.2844, -26.8738], [-51.2754, -26.8494], [-51.2361, -26.8228], [-51.2554, -26.7739], [-51.3391, -26.7342], [-51.3792, -26.7369], [-51.4117, -26.7209], [-51.4697, -26.8025], [-51.4323, -26.8244], [-51.4365, -26.8558]]]}}, {"type": "Feature", "id": "4210100", "properties": {"codigo_ibge": "4210100"}, "geometry": {"type": "Polygon", "coordinates": [[[-50.0984, -26.2783], [-50.0177, -26.2646], [-49.9792, -26.2777], [-49.957, -26.2563], [-49.8489, -26.2409], [-49.8085, -26.3026], [-49.8008, -26.3346], [-49.8194, -26.3682], [-49.7818, -26.4271], [-49.8142, -26.469], [-49.7606, -26.4714], [-49.7373, -26.4247], [-49.6975, -26.3959], [-49.6351, -26.3766], [-49.6526, -26.3521], [-49.6112, -26.3359], [-49.6275, -26.2956], [-49.6031, -26.2267], [-49.654, -26.1869], [-49.6728, -26.1898], [-49.7486, -26.1246], [-49.8242, -26.0939], [-49.8638, -26.0547], [-49.8694, -26.0335], [-49.9341, -26.0189], [-49.9934, -26.0114], [-50.1242, -26.0508], [-50.1402, -26.0266], [-50.1898, -26.07], [-50.1852, -26.1121], [-50.1359, -26.1702], [-50.153, -26.2089], [-50.1346, -26.2512], [-50.0984, -26.2783]]]}}, {"type": "Feature", "id": "4210209", "properties": {"codigo_ibge": "4210209"}, "geometry": {"type": "Polygon", "coordinates": [[[-48.9424, -27.3386], [-49.1306, -27.4216], [-49.1881, -27.4076], [-49.2212, -27.4219], [-49.2247, -27.4913], [-49.1821, -27.5032], [-49.1517, -27.4911], [-49.1218, -27.5004], [-49.0679, -27.4467], [-49.0134, -27.4771], [-48.9645, -27.4497], [-48.9195, -27.4616], [-48.8839, -27.4326], [-48.903, -27.4273], [-48.9007, -27.3811], [-48.9424, -27.3386]]]}}, {"type": "Feature", "id": "4210308", "properties": {"codigo_ibge": "4210308"}, "geometry": {"type": "Polygon", "coordinates": [[[-50.4125, -26.7296], [-50.4372, -26.6974], [-50.4256, -26.6697], [-50.3754, -26.6266], [-50.3654, -26.5805], [-50.3077, -26.5612], [-50.2347, -26.5075], [-50.2593, -26.4924], [-50.2694, -26.4436], [-50.2888, -26.3726], [-50.2847, -26.3083], [-50.2961, -26.287], [-50.3245, -26.296], [-50.3709, -26.3346], [-50.3999, -26.3446], [-50.423, -26.3783], [-50.4174, -26.4112], [-50.454, -26.5022], [-50.4008, -26.5607], [-50.4359, -26.6152], [-50.4923, -26.6426], [-50.4926, -26.6482], [-50.469, -26.6624], [-50.4728, -26.6962], [-50.4125, -26.7296]]]}}, {"type": "Feature", "id": "4210407", "properties": {"codigo_ibge": "4210407"}, "geometry": {"type": "Polygon", "coordinates": [[[-49.5136, -28.8918], [-49.4743, -28.8847], [-49.4327, -28.9093], [-49.3979, -28.8336], [-49.4249, -28.8145], [-49.4601, -28.8462], [-49.5169, -28.8578], [-49.5136, -28.8918]]]}}, {"type": "Feature", "id": "4210506", "properties": {"codigo_ibge": "4210506"}, "geometry": {"type": "Polygon", "coordinates": [[[-53.1284, -26.7206], [-53.1662, -26.7182], [-53.1935, -26.6987], [-53.2058, -26.7236], [-53.2555, -26.716], [-53.2873, -26.735], [-53.2957, -26.7845], [-53.2412, -26.8133], [-53.1965, -26.8015], [-53.1207, -26.8086], [-53.097, -26.7713], [-53.1094, -26.7407], [-53.1284, -26.7206]]]}}, {"type": "Feature", "id": "4210555", "properties": {"codigo_ibge": "4210555"}, "geometry": {"type": "Polygon", "coordinates": [[[-52.5507, -26.8009], [-52.5858, -26.8011], [-52.623, -26.7716], [-52.6569, -26.7526], [-52.6849, -26.7734], [-52.6862, -26.8067], [-52.7169, -26.8036], [-52.6563, -26.8536], [-52.6208, -26.8648], [-52.5938, -26.8395], [-52.5528, -26.8409], [-52.5507, -26.8009]]]}}, {"type": "Feature", "id": "4210605", "properties": {"codigo_ibge": "4210605"}, "geometry": {"type": "Polygon", "coordinates": [[[-48.86, -26.5625], [-48.8992, -26.5421], [-48.9402, -26.5441], [-48.9782, -26.5734], [-49.0121, -26.5723], [-49.0164, -26.5466], [-49.0508, -26.5154], [-49.0612, -26.5435], [-49.0899, -26.5478], [-49.1142, -26.6131], [-49.1018, -26.6596], [-49.0493, -26.6506], [-49.0251, -26.6853], [-49.0492, -26.7093], [-49.0362, -26.7725], [-49.013, -26.7457], [-48.9804, -26.7367], [-48.9369, -26.693], [-48.9202, -26.6601], [-48.8845, -26.657], [-48.8563, -26.6345], [-48.86, -26.5625]]]}}, {"type": "Feature", "id": "4210704", "properties": {"codigo_ibge": "4210704"}, "geometry": {"type": "Polygon", "coordinates": [[[-51.0096, -26.4938], [-51.0, -26.457], [-50.9714, -26.4263], [-50.9854, -26.4049], [-51.0249, -26.4058], [-51.1149, -26.3909], [-51.1902, -26.4521], [-51.2014, -26.4272], [-51.2704, -26.3869], [-51.2929, -26.4341], [-51.2532, -26.4621], [-51.2732, -26.4983], [-51.2281, -26.5546], [-51.2221, -26.5937], [-51.142, -26.6017], [-51.1374, -26.5673], [-51.1055, -26.5585], [-51.0757, -26.5146], [-51.0096, -26.4938]]]}}, {"type": "Feature", "id": "4210803", "properties": {"codigo_ibge": "4210803"}, "geometry": {"type": "Polygon", "coordinates": [[[-49.6767, -28.8682], [-49.6395, -28.8995], [-49.5339, -28.9173], [-49.5136, -28.8918], [-49.5169, -28.8578], [-49.5331, -28.8325], [-49.5955, -28.7758], [-49.6048, -28.7524], [-49.67, -28.7539], [-49.6767, -28.8682]]]}}, {"type": "Feature", "id": "4210852", "properties": {"codigo_ibge": "4210852"}, "geometry": {"type": "Polygon", "coordinates": [[[-50.0038, -27.213], [-50.0047, -27.1734], [-50.0515, -27.1759], [-50.0621, -27.1504], [-50.153, -27.1342], [-50.1679, -27.1495], [-50.2268, -27.1509], [-50.2501, -27.0998], [-50.3153, -27.0755], [-50.3489, -27.0936], [-50.3198, -27.1139], [-50.3068, -27.1644], [-50.2866, -27.1693], [-50.2733, -27.2108], [-50.2435, -27.237], [-50.2039, -27.2435], [-50.1753, -27.2692], [-50.1296, -27.274], [-50.0716, -27.2395], [-50.0464, -27.2059], [-50.0038, -27.213]]]}}, {"type": "Feature", "id": "4210902", "properties": {"codigo_ibge": "4210902"}, "geometry": {"type": "Polygon", "coordinates": [[[-52.9736, -26.7448], [-53.0493, -26.746], [-53.0696, -26.7369], [-53.1094, -26.7407], [-53.097, -26.7713], [-53.1207, -26.8086], [-53.1158, -26.8153], [-53.0972, -26.8058], [-53.0421, -26.8143], [-53.0007, -26.8038], [-52.9907, -26.7748], [-52.9578, -26.7547], [-52.9736, -26.7448]]]}}, {"type": "Feature", "id": "4211009", "properties": {"codigo_ibge": "4211009"}, "geometry": {"type": "Polygon", "coordinates": [[[-53.3754, -27.0154], [-53.4501, -27.0093], [-53.4482, -27.0392], [-53.4894, -27.0823], [-53.5197, -27.0816], [-53.5258, -27.1309], [-53.5481, -27.1561], [-53.5478, -27.1764], [-53.5182, -27.2022], [-53.4882, -27.1938], [-53.5081, -27.1515], [-53.4763, -27.1389], [-53.4554, -27.1569], [-53.4062, -27.1365], [-53.381, -27.0941], [-53.3554, -27.1113], [-53.33, -27.0889], [-53.3668, -27.0675], [-53.3754, -27.0154]]]}}, {"type": "Feature", "id": "4211058", "properties": {"codigo_ibge": "4211058"}, "geometry": {"type": "Polygon", "coordinates": [[[-50.8379, -27.1842], [-50.8768, -27.1463], [-50.8804, -27.1266], [-50.9298, -27.1189], [-50.9605, -27.1546], [-51.0064, -27.1723], [-51.0363, -27.2334], [-50.9892, -27.2501], [-50.9108, -27.2074], [-50.8931, -27.2328], [-50.8539, -27.2474], [-50.8207, -27.2295], [-50.8379, -27.1842]]]}}, {"type": "Feature", "id": "4211108", "properties": {"codigo_ibge": "4211108"}, "geometry": {"type": "Polygon", "coordinates": [[[-50.2196, -26.8139], [-50.216, -26.7853], [-50.2532, -26.7346], [-50.2467, -26.6991], [-50.2226, -26.6801], [-50.2054, -26.639], [-50.2001, -26.5393], [-50.1898, -26.4799], [-50.1956, -26.448], [-50.2694, -26.4436], [-50.2593, -26.4924], [-50.2347, -26.5075], [-50.3077, -26.5612], [-50.3654, -26.5805], [-50.3754, -26.6266], [-50.4256, -26.6697], [-50.4372, -26.6974], [-50.4125, -26.7296], [-50.3536, -26.7367], [-50.337, -26.7799], [-50.3417, -26.827], [-50.289, -26.8357], [-50.2545, -26.8631], [-50.2196, -26.8139]]]}}, {"type": "Feature", "id": "4211207", "properties": {"codigo_ibge": "4211207"}, "geometry": {"type": "Polygon", "coordinates": [[[-49.2436, -28.6746], [-49.176, -28.6845], [-49.1816, -28.6412], [-49.2434, -28.5898], [-49.2453, -28.5906], [-49.2919, -28.6213], [-49.3588, -28.6366], [-49.2937, -28.6384], [-49.2436, -28.6746]]]}}, {"type": "Feature", "id": "4211256", "properties": {"codigo_ibge": "4211256"}, "geometry": {"type": "Polygon", "coordinates": [[[-49.8402, -28.7131], [-49.7982, -28.7147], [-49.7989, -28.7517], [-49.7327, -28.8041], [-49.6767, -28.8682], [-49.67, -28.7539], [-49.6737, -28.703], [-49.7119, -28.6655], [-49.7041, -28.63], [-49.7566, -28.616], [-49.8392, -28.6665], [-49.8402, -28.7131]]]}}, {"type": "Feature", "id": "4211306", "properties": {"codigo_ibge": "4211306"}, "geometry": {"type": "Polygon", "coordinates": [[[-48.7598, -26.8552], [-48.726, -26.8649], [-48.6422, -26.9127], [-48.6212, -26.8262], [-48.6687, -26.8411], [-48.7113, -26.842], [-48.7085, -26.8156], [-48.8178, -26.7409], [-48.8111, -26.7896], [-48.82, -26.8235], [-48.7729, -26.8327], [-48.7598, -26.8552]]]}}, {"type": "Feature", "id": "4211405", "properties": {"codigo_ibge": "4211405"}, "geometry": {"type": "Polygon", "coordinates": [[[-52.8453, -26.8929], [-52.9059, -26.8621], [-52.9475, -26.8817], [-52.9343, -26.9483], [-52.9052, -26.9736], [-52.894, -26.9753], [-52.8573, -26.9167], [-52.8453, -26.8929]]]}}, {"type": "Feature", "id": "4211454", "properties": {"codigo_ibge": "4211454"}, "geometry": {"type": "Polygon", "coordinates": [[[-52.7577, -26.9419], [-52.8065, -26.9004], [-52.8573, -26.9167], [-52.894, -26.9753], [-52.8917, -27.0106], [-52.8405, -27.018], [-52.7688, -26.9947], [-52.7577, -26.9419]]]}}, {"type": "Feature", "id": "4211504", "properties": {"codigo_ibge": "4211504"}, "geometry": {"type": "Polygon", "coordinates": [[[-48.9424, -27.3386], [-48.8838, -27.2903], [-48.8975, -27.2498], [-48.8654, -27.2197], [-48.8819, -27.1845], [-48.8945, -27.1841], [-48.9898, -27.2486], [-49.0193, -27.256], [-49.0376, -27.2719], [-49.1222, -27.2756], [-49.2216, -27.3088], [-49.2241, -27.3212], [-49.202, -27.3283], [-49.1614, -27.3711], [-49.1881, -27.4076], [-49.1306, -27.4216], [-48.9424, -27.3386]]]}}, {"type": "Feature", "id": "4211603", "properties": {"codigo_ibge": "4211603"}, "geometry": {"type": "Polygon", "coordinates": [[[-49.4765, -28.7127], [-49.4517, -28.6339], [-49.6854, -28.6209], [-49.7031, -28.6289], [-49.7041, -28.63], [-49.7119, -28.6655], [-49.6737, -28.703], [-49.67, -28.7539], [-49.6048, -28.7524], [-49.5955, -28.7758], [-49.5695, -28.7533], [-49.5267, -28.751], [-49.5128, -28.7209], [-49.4765, -28.7127]]]}}, {"type": "Feature", "id": "4211652", "properties": {"codigo_ibge": "4211652"}, "geometry": {"type": "Polygon", "coordinates": [[[-52.7554, -26.4545], [-52.7766, -26.452], [-52.85, -26.4043], [-52.8706, -26.4288], [-52.8835, -26.491], [-52.842, -26.5003], [-52.8, -26.4928], [-52.7947, -26.5343], [-52.766, -26.5507], [-52.7605, -26.5866], [-52.7485, -26.595], [-52.7071, -26.5835], [-52.745, -26.5059], [-52.7405, -26.4625], [-52.7554, -26.4545]]]}}, {"type": "Feature", "id": "4211702", "properties": {"codigo_ibge": "4211702"}, "geometry": {"type": "Polygon", "coordinates": [[[-49.3355, -28.4179], [-49.2891, -28.3973], [-49.2213, -28.4328], [-49.1898, -28.3894], [-49.224, -28.3796], [-49.2002, -28.2885], [-49.2324, -28.2563], [-49.2756, -28.2479], [-49.3474, -28.2388], [-49.3958, -28.1934], [-49.3978, -28.1583], [-49.4404, -28.1328], [-49.4746, -28.1258], [-49.5297, -28.1873], [-49.5413, -28.2351], [-49.523, -28.307], [-49.4829, -28.3043], [-49.3606, -28.3412], [-49.3404, -28.3654], [-49.3355, -28.4179]]]}}, {"type": "Feature", "id": "4211751", "properties": {"codigo_ibge": "4211751"}, "geometry": {"type": "Polygon", "coordinates": [[[-50.182, -27.4456], [-50.1439, -27.4873], [-50.1325, -27.5153], [-50.0941, -27.5437], [-50.0999, -27.5619], [-50.0465, -27.5786], [-50.013, -27.6065], [-49.9997, -27.6407], [-49.9711, -27.6571], [-49.9018, -27.6531], [-49.8704, -27.6798], [-49.8392, -27.678], [-49.7307, -27.6556], [-49.7321, -27.6193], [-49.7633, -27.581], [-49.8284, -27.5442], [-49.8511, -27.5052], [-49.8937, -27.4902], [-49.9074, -27.4321], [-49.9567, -27.4017], [-49.9961, -27.4135], [-50.0323, -27.3715], [-50.0264, -27.325], [-50.0758, -27.3048], [-50.0903, -27.3296], [-50.145, -27.3773], [-50.1455, -27.4012], [-50.182, -27.4456]]]}}, {"type": "Feature", "id": "4211801", "properties": {"codigo_ibge": "4211801"}, "geometry": {"type": "Polygon", "coordinates": [[[-51.7297, -27.3567], [-51.6921, -27.3689], [-51.627, -27.3518], [-51.5922, -27.3325], [-51.5953, -27.2983], [-51.5972, -27.2711], [-51.6485, -27.2356], [-51.6565, -27.2016], [-51.6855, -27.1834], [-51.7247, -27.2068], [-51.7564, -27.2809], [-51.7605, -27.3067], [-51.7297, -27.3567]]]}}, {"type": "Feature", "id": "4211850", "properties": {"codigo_ibge": "4211850"}, "geometry": {"type": "Polygon", "coordinates": [[[-52.3616, -26.7594], [-52.3169, -26.7532], [-52.2328, -26.7593], [-52.1853, -26.7129], [-52.1862, -26.6694], [-52.2539, -26.6758], [-52.2813, -26.6438], [-52.3702, -26.6697], [-52.3538, -26.7233], [-52.3616, -26.7594]]]}}, {"type": "Feature", "id": "4211876", "properties": {"codigo_ibge": "4211876"}, "geometry": {"type": "Polygon", "coordinates": [[[-52.5363, -27.2601], [-52.4793, -27.2659], [-52.4798, -27.2355], [-52.4325, -27.2178], [-52.4019, -27.1906], [-52.4337, -27.1944], [-52.4558, -27.1759], [-52.5073, -27.1595], [-52.5446, -27.2406], [-52.5363, -27.2601]]]}}, {"type": "Feature", "id": "4211892", "properties": {"codigo_ibge": "4211892"}, "geometry": {"type": "Polygon", "coordinates": [[[-50.0545, -28.0936], [-50.0402, -28.0667], [-50.0101, -28.0565], [-50.0004, -28.006], [-49.9687, -27.9966], [-49.934, -27.9365], [-49.8656, -27.9115], [-49.8694, -27.9005], [-49.9091, -27.8459], [-49.9591, -27.8477], [-50.0008, -27.7969], [-50.0666, -27.8112], [-50.0675, -27.8298], [-50.1076, -27.8573], [-50.1374, -27.8535], [-50.2035, -27.8654], [-50.2132, -27.8967], [-50.182, -27.9373], [-50.1997, -27.9932], [-50.1918, -28.0893], [-50.1958, -28.1249], [-50.1739, -28.1612], [-50.1254, -28.1586], [-50.1039, -28.1238], [-50.0774, -28.123], [-50.0545, -28.0936]]]}}, {"type": "Feature", "id": "4211900", "properties": {"codigo_ibge": "4211900"}, "geometry": {"type": "Polygon", "coordinates": [[[-48.7396, -27.7951], [-48.7453, -27.8173], [-48.724, -27.8947], [-48.6094, -27.9169], [-48.587, -27.9044], [-48.5958, -27.8509], [-48.5766, -27.844], [-48.6018, -27.778], [-48.6027, -27.6626], [-48.6372, -27.6514], [-48.6551, -27.6212], [-48.7384, -27.6146], [-48.7309, -27.679], [-48.7073, -27.6949], [-48.682, -27.7586], [-48.7396, -27.7951]]]}}, {"type": "Feature", "id": "4212007", "properties": {"codigo_ibge": "4212007"}, "geometry": {"type": "Polygon", "coordinates": [[[-53.1693, -26.3481], [-53.2644, -26.2893], [-53.2836, -26.2458], [-53.3044, -26.2584], [-53.3423, -26.2491], [-53.343, -26.2972], [-53.3943, -26.3661], [-53.4027, -26.4277], [-53.3688, -26.441], [-53.4096, -26.4773], [-53.4072, -26.5184], [-53.3771, -26.5154], [-53.3606, -26.4879], [-53.2834, -26.452], [-53.2914, -26.4321], [-53.252, -26.3777], [-53.1915, -26.3694], [-53.1602, -26.3506], [-53.1693, -26.3481]]]}}, {"type": "Feature", "id": "4212056", "properties": {"codigo_ibge": "4212056"}, "geometry": {"type": "Polygon", "coordinates": [[[-50.2697, -27.525], [-50.224, -27.5321], [-50.1911, -27.5936], [-50.1943, -27.6327], [-50.1508, -27.6529], [-50.1379, -27.703], [-50.0683, -27.6271], [-50.0465, -27.5786], [-50.0999, -27.5619], [-50.0941, -27.5437], [-50.1325, -27.5153], [-50.1439, -27.4873], [-50.182, -27.4456], [-50.2454, -27.4757], [-50.268, -27.4612], [-50.2992, -27.4962], [-50.2697, -27.525]]]}}, {"type": "Feature", "id": "4212106", "properties": {"codigo_ibge": "4212106"}, "geometry": {"type": "Polygon", "coordinates": [[[-53.108, -27.0312], [-53.1343, -26.9947], [-53.1431, -26.9438], [-53.1909, -26.9511], [-53.2319, -27.0841], [-53.2549, -27.0913], [-53.2962, -27.1324], [-53.3225, -27.2099], [-53.2321, -27.1711], [-53.1877, -27.1923], [-53.1695, -27.1442], [-53.1396, -27.1757], [-53.0712, -27.157], [-53.0767, -27.1078], [-53.0755, -27.0917], [-53.1132, -27.046], [-53.108, -27.0312]]]}}, {"type": "Feature", "id": "4212205", "properties": {"codigo_ibge": "4212205"}, "geometry": {"type": "Polygon", "coordinates": [[[-50.2196, -26.8139], [-50.1621, -26.789], [-50.0977, -26.8173], [-50.086, -26.81], [-50.0998, -26.8014], [-50.1145, -26.7105], [-50.1351, -26.6642], [-50.1183, -26.618], [-50.1315, -26.5866], [-50.1249, -26.5234], [-50.0911, -26.524], [-50.0704, -26.4511], [-50.0722, -26.4128], [-50.1128, -26.3382], [-50.1257, -26.2906], [-50.0984, -26.2783], [-50.1346, -26.2512], [-50.153, -26.2089], [-50.1795, -26.2152], [-50.1874, -26.2706], [-50.2069, -26.2846], [-50.2847, -26.3083], [-50.2888, -26.3726], [-50.2694, -26.4436], [-50.1956, -26.448], [-50.1898, -26.4799], [-50.2001, -26.5393], [-50.2054, -26.639], [-50.2226, -26.6801], [-50.2467, -26.6991], [-50.2532, -26.7346], [-50.216, -26.7853], [-50.2196, -26.8139]]]}}, {"type": "Feature", "id": "4212239", "properties": {"codigo_ibge": "4212239"}, "geometry": {"type": "Polygon", "coordinates": [[[-53.5984, -26.6582], [-53.6314, -26.6122], [-53.6752, -26.5791], [-53.7307, -26.6007], [-53.7233, -26.656], [-53.7396, -26.7424], [-53.7144, -26.7508], [-53.6848, -26.72], [-53.642, -26.7167], [-53.596, -26.688], [-53.5984, -26.6582]]]}}, {"type": "Feature", "id": "4212254", "properties": {"codigo_ibge": "4212254"}, "geometry": {"type": "Polygon", "coordinates": [[[-49.7129, -29.3256], [-49.6451, -29.2384], [-49.6607, -29.2424], [-49.7121, -29.2058], [-49.7398, -29.2435], [-49.7779, -29.2374], [-49.7918, -29.2856], [-49.7421, -29.2988], [-49.7129, -29.3256]]]}}, {"type": "Feature", "id": "4212270", "properties": {"codigo_ibge": "4212270"}, "geometry": {"type": "Polygon", "coordinates": [[[-52.1148, -26.859], [-52.0437, -26.8394], [-52.0136, -26.8461], [-51.9799, -26.8002], [-51.9782, -26.7772], [-51.9226, -26.7865], [-51.8577, -26.7692], [-51.7836, -26.7595], [-51.7645, -26.7382], [-51.7815, -26.7071], [-51.8425, -26.7002], [-51.8549, -26.673], [-51.824, -26.5819], [-51.8779, -26.5976], [-51.9003, -26.5793], [-52.0088, -26.5666], [-52.0291, -26.5469], [-52.0672, -26.678], [-52.0479, -26.6949], [-52.0599, -26.7281], [-52.0394, -26.7745], [-52.1034, -26.7767], [-52.1413, -26.796], [-52.1411, -26.837], [-52.1148, -26.859]]]}}, {"type": "Feature", "id": "4212304", "properties": {"codigo_ibge": "4212304"}, "geometry": {"type": "Polygon", "coordinates": [[[-48.707, -28.0826], [-48.7198, -28.0459], [-48.6716, -28.0038], [-48.6498, -27.966], [-48.6209, -27.9449], [-48.587, -27.9044], [-48.6094, -27.9169], [-48.724, -27.8947], [-48.7453, -27.8173], [-48.7396, -27.7951], [-48.766, -27.838], [-48.8113, -27.8286], [-48.842, -27.8615], [-48.8368, -27.9318], [-48.8411, -27.9983], [-48.8638, -28.0468], [-48.8937, -28.08], [-48.869, -28.0804], [-48.8323, -28.0716], [-48.8075, -28.0935], [-48.7617, -28.0904], [-48.707, -28.0826]]]}}, {"type": "Feature", "id": "4212403", "properties": {"codigo_ibge": "4212403"}, "geometry": {"type": "Polygon", "coordinates": [[[-49.1898, -28.3894], [-49.2213, -28.4328], [-49.2353, -28.4577], [-49.279, -28.4845], [-49.2856, -28.5149], [-49.2499, -28.5673], [-49.2529, -28.5887], [-49.2453, -28.5906], [-49.2434, -28.5898], [-49.1802, -28.4981], [-49.112, -28.4437], [-49.1375, -28.4138], [-49.181, -28.4139], [-49.1898, -28.3894]]]}}, {"type": "Feature", "id": "4212502", "properties": {"codigo_ibge": "4212502"}, "geometry": {"type": "Polygon", "coordinates": [[[-48.6212, -26.8262], [-48.6202, -26.7894], [-48.6613, -26.7712], [-48.7085, -26.8156], [-48.7113, -26.842], [-48.6687, -26.8411], [-48.6212, -26.8262]]]}}, {"type": "Feature", "id": "4212601", "properties": {"codigo_ibge": "4212601"}, "geometry": {"type": "Polygon", "coordinates": [[[-51.9394, -27.3356], [-51.9154, -27.3897], [-51.8821, -27.4259], [-51.8382, -27.3725], [-51.8177, -27.3698], [-51.8224, -27.2965], [-51.8586, -27.3194], [-51.9036, -27.3005], [-51.9394, -27.3356]]]}}, {"type": "Feature", "id": "4212650", "properties": {"codigo_ibge": "4212650"}, "geometry": {"type": "Polygon", "coordinates": [[[-48.8044, -28.356], [-48.9481, -28.3591], [-48.9372, -28.3836], [-48.9402, -28.4117], [-48.9141, -28.4672], [-48.8522, -28.427], [-48.8044, -28.356]]]}}, {"type": "Feature", "id": "4212700", "properties": {"codigo_ibge": "4212700"}, "geometry": {"type": "Polygon", "coordinates": [[[-49.7633, -27.581], [-49.7321, -27.6193], [-49.7307, -27.6556], [-49.7137, -27.6443], [-49.6627, -27.6487], [-49.6205, -27.6188], [-49.6127, -27.5833], [-49.5916, -27.5714], [-49.6016, -27.5201], [-49.5824, -27.4769], [-49.6373, -27.452], [-49.6747, -27.4589], [-49.7473, -27.4766], [-49.7619, -27.4684], [-49.7866, -27.4981], [-49.7564, -27.5174], [-49.7633, -27.581]]]}}, {"type": "Feature", "id": "4212809", "properties": {"codigo_ibge": "4212809"}, "geometry": {"type": "Polygon", "coordinates": [[[-48.6613, -26.7712], [-48.6819, -26.7184], [-48.7568, -26.7406], [-48.7732, -26.7077], [-48.8007, -26.7132], [-48.8178, -26.7409], [-48.7085, -26.8156], [-48.6613, -26.7712]]]}}, {"type": "Feature", "id": "4212908", "properties": {"codigo_ibge": "4212908"}, "geometry": {"type": "Polygon", "coordinates": [[[-52.9578, -26.7547], [-52.9907, -26.7748], [-53.0007, -26.8038], [-53.0421, -26.8143], [-53.0515, -26.8467], [-53.0364, -26.8761], [-53.0077, -26.8873], [-52.9475, -26.8817], [-52.9059, -26.8621], [-52.919, -26.8464], [-52.9141, -26.8248], [-52.9324, -26.7769], [-52.9578, -26.7547]]]}}, {"type": "Feature", "id": "4213005", "properties": {"codigo_ibge": "4213005"}, "geometry": {"type": "Polygon", "coordinates": [[[-51.299, -27.0575], [-51.2134, -27.0684], [-51.1575, -27.0895], [-51.1963, -27.0288], [-51.2485, -27.0338], [-51.3175, -27.0188], [-51.299, -27.0575]]]}}, {"type": "Feature", "id": "4213104", "properties": {"codigo_ibge": "4213104"}, "geometry": {"type": "Polygon", "coordinates": [[[-51.7329, -27.3921], [-51.7589, -27.415], [-51.8081, -27.4225], [-51.87, -27.4496], [-51.8582, -27.4751], [-51.8371, -27.5222], [-51.788, -27.5148], [-51.7516, -27.4881], [-51.7173, -27.5114], [-51.7012, -27.4798], [-51.6856, -27.4321], [-51.7329, -27.3921]]]}}, {"type": "Feature", "id": "4213153", "properties": {"codigo_ibge": "4213153"}, "geometry": {"type": "Polygon", "coordinates": [[[-52.8984, -27.0862], [-52.852, -27.1125], [-52.8291, -27.1068], [-52.8396, -27.0441], [-52.8405, -27.018], [-52.8917, -27.0106], [-52.894, -26.9753], [-52.9052, -26.9736], [-52.8984, -27.0862]]]}}, {"type": "Feature", "id": "4213203", "properties": {"codigo_ibge": "4213203"}, "geometry": {"type": "Polygon", "coordinates": [[[-49.198, -26.8363], [-49.1277, -26.8326], [-49.1103, -26.7438], [-49.1331, -26.6943], [-49.13, -26.6355], [-49.1641, -26.6482], [-49.1753, -26.6138], [-49.2231, -26.6205], [-49.2152, -26.6546], [-49.234, -26.6904], [-49.2312, -26.7508], [-49.214, -26.7552], [-49.1954, -26.7926], [-49.2071, -26.8304], [-49.198, -26.8363]]]}}, {"type": "Feature", "id": "4213302", "properties": {"codigo_ibge": "4213302"}, "geometry": {"type": "Polygon", "coordinates": [[[-50.4868, -27.4586], [-50.4597, -27.4933], [-50.4019, -27.4754], [-50.3764, -27.5019], [-50.3952, -27.5467], [-50.3258, -27.5261], [-50.2697, -27.525], [-50.2992, -27.4962], [-50.268, -27.4612], [-50.2454, -27.4757], [-50.182, -27.4456], [-50.1455, -27.4012], [-50.145, -27.3773], [-50.0903, -27.3296], [-50.0758, -27.3048], [-50.1296, -27.274], [-50.1753, -27.2692], [-50.1878, -27.3257], [-50.2084, -27.3464], [-50.3586, -27.3435], [-50.398, -27.3609], [-50.4637, -27.3669], [-50.4814, -27.4025], [-50.4868, -27.4586]]]}}, {"type": "Feature", "id": "4213351", "properties": {"codigo_ibge": "4213351"}, "geometry": {"type": "Polygon", "coordinates": [[[-50.5018, -27.2184], [-50.4443, -27.2275], [-50.3951, -27.2619], [-50.2743, -27.268], [-50.2435, -27.237], [-50.2733, -27.2108], [-50.2866, -27.1693], [-50.3068, -27.1644], [-50.3198, -27.1139], [-50.3489, -27.0936], [-50.3883, -27.1177], [-50.428, -27.1086], [-50.5263, -27.12], [-50.5412, -27.1461], [-50.5928, -27.1403], [-50.6097, -27.1909], [-50.5018, -27.2184]]]}}, {"type": "Feature", "id": "4213401", "properties": {"codigo_ibge": "4213401"}, "geometry": {"type": "Polygon", "coordinates": [[[-51.8262, -26.9234], [-51.8149, -26.8687], [-51.757, -26.8392], [-51.7246, -26.8465], [-51.702, -26.792], [-51.7315, -26.7901], [-51.7836, -26.7595], [-51.8577, -26.7692], [-51.9226, -26.7865], [-51.9782, -26.7772], [-51.9799, -26.8002], [-52.0136, -26.8461], [-52.0437, -26.8394], [-52.1148, -26.859], [-52.1428, -26.8972], [-52.1485, -26.9294], [-52.1093, -26.9544], [-52.0667, -26.9599], [-52.0124, -26.948], [-51.9437, -26.9419], [-51.9305, -26.9292], [-51.8839, -26.9452], [-51.8438, -26.9434], [-51.8262, -26.9234]]]}}, {"type": "Feature", "id": "4213500", "properties": {"codigo_ibge": "4213500"}, "geometry": {"type": "Polygon", "coordinates": [[[-48.508, -27.1105], [-48.5532, -27.1575], [-48.5856, -27.1449], [-48.604, -27.1366], [-48.6584, -27.1514], [-48.69, -27.1414], [-48.6902, -27.1843], [-48.6586, -27.2152], [-48.6027, -27.2179], [-48.5784, -27.2115], [-48.5757, -27.1862], [-48.5411, -27.173], [-48.508, -27.1105]]]}}, {"type": "Feature", "id": "4213609", "properties": {"codigo_ibge": "4213609"}, "geometry": {"type": "Polygon", "coordinates": [[[-51.2704, -26.3869], [-51.2014, -26.4272], [-51.1902, -26.4521], [-51.1149, -26.3909], [-51.0249, -26.4058], [-50.9854, -26.4049], [-50.9714, -26.4263], [-51.0, -26.457], [-51.0096, -26.4938], [-50.9425, -26.5503], [-50.856, -26.5606], [-50.8251, -26.5481], [-50.7974, -26.5082], [-50.8168, -26.4775], [-50.8152, -26.4406], [-50.8493, -26.428], [-50.8434, -26.3812], [-50.8841, -26.3796], [-50.8997, -26.2893], [-50.9095, -26.2494], [-50.9436, -26.2438], [-50.9713, -26.2613], [-50.9915, -26.235], [-51.0568, -26.2439], [-51.0774, -26.2312], [-51.1018, -26.2727], [-51.1484, -26.2788], [-51.2029, -26.2982], [-51.2522, -26.3515], [-51.2704, -26.3869]]]}}, {"type": "Feature", "id": "4213708", "properties": {"codigo_ibge": "4213708"}, "geometry": {"type": "Polygon", "coordinates": [[[-49.8854, -27.3062], [-49.8234, -27.2654], [-49.8426, -27.2359], [-49.9131, -27.2189], [-49.9331, -27.1892], [-50.0038, -27.213], [-50.0464, -27.2059], [-50.0716, -27.2395], [-50.1296, -27.274], [-50.0758, -27.3048], [-50.0264, -27.325], [-50.0323, -27.3715], [-49.9961, -27.4135], [-49.9567, -27.4017], [-49.9321, -27.3703], [-49.9312, -27.3238], [-49.8854, -27.3062]]]}}, {"type": "Feature", "id": "4213807", "properties": {"codigo_ibge": "4213807"}, "geometry": {"type": "Polygon", "coordinates": [[[-49.9576, -29.1995], [-49.9126, -29.1956], [-49.8914, -29.1751], [-49.8254, -29.1493], [-49.832, -29.1218], [-49.877, -29.0947], [-49.9042, -29.103], [-49.9576, -29.0682], [-50.018, -29.1628], [-50.1078, -29.211], [-50.1456, -29.1978], [-50.1446, -29.2702], [-50.1125, -29.304], [-50.041, -29.3551], [-50.034, -29.3496], [-50.1155, -29.2623], [-50.0099, -29.2254], [-49.9576, -29.1995]]]}}, {"type": "Feature", "id": "4213906", "properties": {"codigo_ibge": "4213906"}, "geometry": {"type": "Polygon", "coordinates": [[[-51.8147, -27.1877], [-51.8332, -27.234], [-51.7903, -27.2589], [-51.7984, -27.2913], [-51.7564, -27.2809], [-51.7247, -27.2068], [-51.7721, -27.2067], [-51.8147, -27.1877]]]}}, {"type": "Feature", "id": "4214003", "properties": {"codigo_ibge": "4214003"}, "geometry": {"type": "Polygon", "coordinates": [[[-49.5855, -27.0874], [-49.6011, -27.011], [-49.6325, -26.9945], [-49.6902, -26.9247], [-49.6835, -26.9837], [-49.7089, -27.0161], [-49.6971, -27.0432], [-49.773, -27.026], [-49.845, -27.0236], [-49.8455, -27.0685], [-49.8025, -27.1286], [-49.7426, -27.1455], [-49.7174, -27.1439], [-49.6428, -27.1084], [-49.6158, -27.0802], [-49.5855, -27.0874]]]}}, {"type": "Feature", "id": "4214102", "properties": {"codigo_ibge": "4214102"}, "geometry": {"type": "Polygon", "coordinates": [[[-49.2205, -27.1635], [-49.2482, -27.1982], [-49.3096, -27.2143], [-49.3434, -27.2386], [-49.374, -27.2277], [-49.4471, -27.2554], [-49.4916, -27.3008], [-49.4805, -27.3054], [-49.4583, -27.357], [-49.4102, -27.352], [-49.3967, -27.3285], [-49.3181, -27.3166], [-49.3121, -27.2773], [-49.2732, -27.2462], [-49.2219, -27.2314], [-49.1914, -27.2036], [-49.211, -27.1577], [-49.2205, -27.1635]]]}}, {"type": "Feature", "id": "4214151", "properties": {"codigo_ibge": "4214151"}, "geometry": {"type": "Polygon", "coordinates": [[[-53.6884, -26.4433], [-53.6383, -26.449], [-53.6247, -26.4728], [-53.5821, -26.4765], [-53.5408, -26.4273], [-53.5833, -26.4131], [-53.6043, -26.3764], [-53.6668, -26.4256], [-53.6888, -26.4286], [-53.6884, -26.4433]]]}}, {"type": "Feature", "id": "4214201", "properties": {"codigo_ibge": "4214201"}, "geometry": {"type": "Polygon", "coordinates": [[[-52.6263, -26.6463], [-52.6785, -26.6731], [-52.7438, -26.658], [-52.802, -26.686], [-52.8463, -26.6699], [-52.8172, -26.734], [-52.7917, -26.7892], [-52.764, -26.819], [-52.7169, -26.8036], [-52.6862, -26.8067], [-52.6849, -26.7734], [-52.6569, -26.7526], [-52.623, -26.7716], [-52.6454, -26.7509], [-52.5979, -26.7192], [-52.6074, -26.6749], [-52.6263, -26.6463]]]}}, {"type": "Feature", "id": "4214300", "properties": {"codigo_ibge": "4214300"}, "geometry": {"type": "Polygon", "coordinates": [[[-49.1577, -27.7445], [-49.0908, -27.751], [-49.031, -27.7738], [-49.0068, -27.7013], [-48.9605, -27.6577], [-48.9699, -27.6345], [-49.0103, -27.6223], [-49.0647, -27.6489], [-49.0892, -27.5853], [-49.1824, -27.5909], [-49.2092, -27.6293], [-49.2016, -27.6452], [-49.1649, -27.6622], [-49.147, -27.6877], [-49.1577, -27.7445]]]}}, {"type": "Feature", "id": "4214409", "properties": {"codigo_ibge": "4214409"}, "geometry": {"type": "Polygon", "coordinates": [[[-51.1922, -26.8513], [-51.1778, -26.8684], [-51.1787, -26.9174], [-51.1598, -26.9544], [-51.1264, -26.9614], [-51.1175, -26.9843], [-51.0454, -26.9863], [-50.9862, -26.9792], [-50.9903, -26.9618], [-50.846, -26.8729], [-50.9738, -26.8935], [-50.9825, -26.8699], [-51.0392, -26.8672], [-51.0497, -26.843], [-51.1839, -26.8332], [-51.1922, -26.8513]]]}}, {"type": "Feature", "id": "4214508", "properties": {"codigo_ibge": "4214508"}, "geometry": {"type": "Polygon", "coordinates": [[[-50.2908, -26.9699], [-50.2357, -26.9859], [-50.1337, -26.9848], [-50.1006, -27.0199], [-50.0676, -27.0329], [-50.0923, -26.9881], [-50.0554, -26.9365], [-50.0239, -26.9207], [-49.9996, -26.8758], [-49.9694, -26.869], [-49.95, -26.8078], [-49.9784, -26.7952], [-50.0456, -26.8134], [-50.086, -26.81], [-50.0977, -26.8173], [-50.1621, -26.789], [-50.2196, -26.8139], [-50.2545, -26.8631], [-50.2908, -26.9699]]]}}, {"type": "Feature", "id": "4214607", "properties": {"codigo_ibge": "4214607"}, "geometry": {"type": "Polygon", "coordinates": [[[-49.8023, -27.2483], [-49.7607, -27.1962], [-49.7426, -27.1455], [-49.8025, -27.1286], [-49.8455, -27.0685], [-49.845, -27.0236], [-49.876, -27.0207], [-49.8985, -27.1027], [-49.9331, -27.1892], [-49.9131, -27.2189], [-49.8426, -27.2359], [-49.8234, -27.2654], [-49.8023, -27.2483]]]}}, {"type": "Feature", "id": "4214706", "properties": {"codigo_ibge": "4214706"}, "geometry": {"type": "Polygon", "coordinates": [[[-49.335, -26.7461], [-49.224, -26.773], [-49.214, -26.7552], [-49.2312, -26.7508], [-49.234, -26.6904], [-49.2152, -26.6546], [-49.2231, -26.6205], [-49.2848, -26.6072], [-49.2914, -26.5471], [-49.3321, -26.5386], [-49.3771, -26.4885], [-49.4172, -26.5101], [-49.4414, -26.489], [-49.5205, -26.5255], [-49.5471, -26.5261], [-49.5646, -26.566], [-49.5313, -26.5651], [-49.5079, -26.5981], [-49.4884, -26.66], [-49.4822, -26.6475], [-49.3994, -26.6705], [-49.3407, -26.7253], [-49.335, -26.7461]]]}}, {"type": "Feature", "id": "4214805", "properties": {"codigo_ibge": "4214805"}, "geometry": {"type": "Polygon", "coordinates": [[[-49.5855, -27.0874], [-49.6158, -27.0802], [-49.6428, -27.1084], [-49.7174, -27.1439], [-49.6908, -27.2449], [-49.6817, -27.2913], [-49.6402, -27.2756], [-49.6203, -27.2848], [-49.5786, -27.2599], [-49.5273, -27.272], [-49.552, -27.2372], [-49.592, -27.128], [-49.5855, -27.0874]]]}}, {"type": "Feature", "id": "4214904", "properties": {"codigo_ibge": "4214904"}, "geometry": {"type": "Polygon", "coordinates": [[[-49.1988, -28.1545], [-49.1701, -28.1503], [-49.0773, -28.1901], [-49.0311, -28.1509], [-49.064, -28.1156], [-49.0626, -28.0604], [-49.082, -28.0462], [-49.1549, -28.0898], [-49.1775, -28.0761], [-49.2225, -28.0221], [-49.2801, -28.0232], [-49.3084, -27.9704], [-49.3224, -27.9838], [-49.3418, -28.0172], [-49.3071, -28.0571], [-49.2967, -28.1042], [-49.268, -28.1122], [-49.2164, -28.1634], [-49.1988, -28.1545]]]}}, {"type": "Feature", "id": "4215000", "properties": {"codigo_ibge": "4215000"}, "geometry": {"type": "Polygon", "coordinates": [[[-49.4872, -26.1942], [-49.5017, -26.2199], [-49.5498, -26.2334], [-49.6031, -26.2267], [-49.6275, -26.2956], [-49.6112, -26.3359], [-49.6526, -26.3521], [-49.6351, -26.3766], [-49.6975, -26.3959], [-49.7373, -26.4247], [-49.7606, -26.4714], [-49.7345, -26.5228], [-49.7333, -26.5488], [-49.6927, -26.574], [-49.6863, -26.6145], [-49.7072, -26.6477], [-49.6941, -26.6872], [-49.6521, -26.6932], [-49.6223, -26.7045], [-49.6158, -26.6392], [-49.586, -26.6249], [-49.5802, -26.5797], [-49.5646, -26.566], [-49.5471, -26.5261], [-49.5205, -26.5255], [-49.4414, -26.489], [-49.4921, -26.4398], [-49.4836, -26.42], [-49.4536, -26.3899], [-49.4651, -26.3648], [-49.4708, -26.2411], [-49.4872, -26.1942]]]}}, {"type": "Feature", "id": "4215059", "properties": {"codigo_ibge": "4215059"}, "geometry": {"type": "Polygon", "coordinates": [[[-49.8656, -27.9115], [-49.8422, -27.9609], [-49.7943, -27.9824], [-49.7448, -28.0319], [-49.7105, -28.0073], [-49.7149, -27.9419], [-49.7029, -27.9178], [-49.6074, -27.9007], [-49.6449, -27.8799], [-49.6867, -27.8334], [-49.7366, -27.8356], [-49.7783, -27.8038], [-49.8092, -27.8676], [-49.8694, -27.9005], [-49.8656, -27.9115]]]}}, {"type": "Feature", "id": "4215075", "properties": {"codigo_ibge": "4215075"}, "geometry": {"type": "Polygon", "coordinates": [[[-53.33, -27.0889], [-53.2867, -27.0457], [-53.2955, -26.9623], [-53.2914, -26.9284], [-53.3686, -26.8813], [-53.4081, -26.8885], [-53.4109, -26.9517], [-53.3754, -27.0154], [-53.3668, -27.0675], [-53.33, -27.0889]]]}}, {"type": "Feature", "id": "4215109", "properties": {"codigo_ibge": "4215109"}, "geometry": {"type": "Polygon", "coordinates": [[[-49.4298, -26.9153], [-49.3904, -26.9308], [-49.3382, -26.9665], [-49.3158, -26.9593], [-49.2894, -26.9505], [-49.3151, -26.8995], [-49.305, -26.848], [-49.3301, -26.8078], [-49.4035, -26.8703], [-49.4298, -26.9153]]]}}, {"type": "Feature", "id": "4215208", "properties": {"codigo_ibge": "4215208"}, "geometry": {"type": "Polygon", "coordinates": [[[-53.2387, -26.5433], [-53.2539, -26.5704], [-53.3448, -26.5853], [-53.3915, -26.621], [-53.3941, -26.6626], [-53.3831, -26.719], [-53.3943, -26.7442], [-53.3652, -26.7659], [-53.3382, -26.7239], [-53.306, -26.721], [-53.251, -26.6506], [-53.2273, -26.6391], [-53.2226, -26.5791], [-53.2387, -26.5433]]]}}, {"type": "Feature", "id": "4215307", "properties": {"codigo_ibge": "4215307"}, "geometry": {"type": "Polygon", "coordinates": [[[-49.9463, -26.9947], [-49.9601, -26.9562], [-49.951, -26.9274], [-49.9694, -26.869], [-49.9996, -26.8758], [-50.0239, -26.9207], [-50.0554, -26.9365], [-50.0923, -26.9881], [-50.0676, -27.0329], [-50.0483, -27.0478], [-49.9765, -27.0466], [-49.9757, -27.0103], [-49.9463, -26.9947]]]}}, {"type": "Feature", "id": "4215356", "properties": {"codigo_ibge": "4215356"}, "geometry": {"type": "Polygon", "coordinates": [[[-53.1139, -26.6296], [-53.0634, -26.6436], [-52.9979, -26.6352], [-52.9407, -26.614], [-52.9257, -26.581], [-52.9464, -26.5675], [-52.9774, -26.5357], [-53.0188, -26.5315], [-53.1233, -26.5734], [-53.0932, -26.5928], [-53.1139, -26.6296]]]}}, {"type": "Feature", "id": "4215406", "properties": {"codigo_ibge": "4215406"}, "geometry": {"type": "Polygon", "coordinates": [[[-51.4365, -26.8558], [-51.5104, -26.8386], [-51.4877, -26.8594], [-51.4787, -26.9248], [-51.4061, -26.9431], [-51.3635, -26.9399], [-51.3681, -26.8692], [-51.4365, -26.8558]]]}}, {"type": "Feature", "id": "4215455", "properties": {"codigo_ibge": "4215455"}, "geometry": {"type": "Polygon", "coordinates": [[[-49.1742, -28.6991], [-49.0989, -28.6851], [-49.0714, -28.6275], [-49.1033, -28.5929], [-49.1816, -28.6412], [-49.176, -28.6845], [-49.1742, -28.6991]]]}}, {"type": "Feature", "id": "4215505", "properties": {"codigo_ibge": "4215505"}, "geometry": {"type": "Polygon", "coordinates": [[[-50.6579, -27.0869], [-50.5975, -27.0506], [-50.5645, -27.0572], [-50.53, -27.0902], [-50.5263, -27.12], [-50.428, -27.1086], [-50.3883, -27.1177], [-50.3489, -27.0936], [-50.3153, -27.0755], [-50.3195, -27.0155], [-50.2908, -26.9699], [-50.2545, -26.8631], [-50.289, -26.8357], [-50.3417, -26.827], [-50.337, -26.7799], [-50.3536, -26.7367], [-50.4125, -26.7296], [-50.4728, -26.6962], [-50.469, -26.6624], [-50.4926, -26.6482], [-50.5164, -26.7154], [-50.4997, -26.769], [-50.5267, -26.781], [-50.52, -26.8218], [-50.5547, -26.8316], [-50.5883, -26.8638], [-50.591, -26.928], [-50.6183, -26.9526], [-50.6295, -27.0199], [-50.6638, -27.059], [-50.6579, -27.0869]]]}}, {"type": "Feature", "id": "4215554", "properties": {"codigo_ibge": "4215554"}, "geometry": {"type": "Polygon", "coordinates": [[[-53.6717, -26.9428], [-53.5828, -26.9532], [-53.536, -26.9458], [-53.5757, -26.8957], [-53.626, -26.8848], [-53.6754, -26.8928], [-53.6717, -26.9428]]]}}, {"type": "Feature", "id": "4215604", "properties": {"codigo_ibge": "4215604"}, "geometry": {"type": "Polygon", "coordinates": [[[-49.3084, -27.9704], [-49.2801, -28.0232], [-49.2225, -28.0221], [-49.1775, -28.0761], [-49.1549, -28.0898], [-49.082, -28.0462], [-49.0626, -28.0604], [-49.0437, -28.0125], [-49.052, -27.99], [-49.1035, -28.0065], [-49.1711, -27.9773], [-49.3078, -27.941], [-49.3084, -27.9704]]]}}, {"type": "Feature", "id": "4215653", "properties": {"codigo_ibge": "4215653"}, "geometry": {"type": "Polygon", "coordinates": [[[-49.8341, -29.0952], [-49.7636, -29.1695], [-49.7121, -29.2058], [-49.6563, -29.143], [-49.6902, -29.1135], [-49.7033, -29.0825], [-49.7392, -29.0741], [-49.7432, -29.0393], [-49.8217, -29.0801], [-49.8341, -29.0952]]]}}, {"type": "Feature", "id": "4215679", "properties": {"codigo_ibge": "4215679"}, "geometry": {"type": "Polygon", "coordinates": [[[-49.8287, -26.7062], [-49.8814, -26.6195], [-49.9561, -26.5507], [-49.9945, -26.5062], [-50.0317, -26.5192], [-50.0911, -26.524], [-50.1249, -26.5234], [-50.1315, -26.5866], [-50.1183, -26.618], [-50.1351, -26.6642], [-50.1145, -26.7105], [-50.0998, -26.8014], [-50.086, -26.81], [-50.0456, -26.8134], [-49.9784, -26.7952], [-49.95, -26.8078], [-49.8976, -26.7696], [-49.8887, -26.7469], [-49.8287, -26.7062]]]}}, {"type": "Feature", "id": "4215687", "properties": {"codigo_ibge": "4215687"}, "geometry": {"type": "Polygon", "coordinates": [[[-53.1139, -26.6296], [-53.0932, -26.5928], [-53.1233, -26.5734], [-53.1467, -26.5284], [-53.1799, -26.531], [-53.2226, -26.5791], [-53.2273, -26.6391], [-53.2051, -26.6423], [-53.1366, -26.6396], [-53.1139, -26.6296]]]}}, {"type": "Feature", "id": "4215695", "properties": {"codigo_ibge": "4215695"}, "geometry": {"type": "Polygon", "coordinates": [[[-52.7485, -26.595], [-52.7314, -26.6348], [-52.7438, -26.658], [-52.6785, -26.6731], [-52.6263, -26.6463], [-52.6632, -26.6287], [-52.6717, -26.6015], [-52.7071, -26.5835], [-52.7485, -26.595]]]}}, {"type": "Feature", "id": "4215703", "properties": {"codigo_ibge": "4215703"}, "geometry": {"type": "Polygon", "coordinates": [[[-48.7396, -27.7951], [-48.682, -27.7586], [-48.7073, -27.6949], [-48.7309, -27.679], [-48.7384, -27.6146], [-48.746, -27.6154], [-48.8445, -27.6252], [-48.8631, -27.6599], [-48.8254, -27.7164], [-48.8676, -27.7157], [-48.8594, -27.7554], [-48.8826, -27.7827], [-48.8824, -27.8151], [-48.9143, -27.8393], [-48.876, -27.8614], [-48.842, -27.8615], [-48.8113, -27.8286], [-48.766, -27.838], [-48.7396, -27.7951]]]}}, {"type": "Feature", "id": "4215752", "properties": {"codigo_ibge": "4215752"}, "geometry": {"type": "Polygon", "coordinates": [[[-52.9464, -26.5675], [-52.9197, -26.5039], [-52.9374, -26.4427], [-52.9676, -26.4408], [-53.0259, -26.4067], [-53.0655, -26.485], [-53.0188, -26.5315], [-52.9774, -26.5357], [-52.9464, -26.5675]]]}}, {"type": "Feature", "id": "4215802", "properties": {"codigo_ibge": "4215802"}, "geometry": {"type": "Polygon", "coordinates": [[[-49.2525, -26.2685], [-49.3259, -26.2219], [-49.3439, -26.1922], [-49.3898, -26.1995], [-49.4292, -26.17], [-49.486, -26.1852], [-49.4872, -26.1942], [-49.4708, -26.2411], [-49.4651, -26.3648], [-49.4536, -26.3899], [-49.4836, -26.42], [-49.4457, -26.427], [-49.4335, -26.3688], [-49.4029, -26.3494], [-49.3403, -26.3786], [-49.2905, -26.3708], [-49.231, -26.3971], [-49.1759, -26.3656], [-49.1867, -26.3451], [-49.1689, -26.308], [-49.2525, -26.2685]]]}}, {"type": "Feature", "id": "4215901", "properties": {"codigo_ibge": "4215901"}, "geometry": {"type": "Polygon", "coordinates": [[[-49.052, -27.99], [-49.0348, -28.0347], [-48.9748, -28.0788], [-48.9017, -28.0609], [-48.8937, -28.08], [-48.8638, -28.0468], [-48.8411, -27.9983], [-48.8368, -27.9318], [-48.842, -27.8615], [-48.876, -27.8614], [-48.9143, -27.8393], [-48.8824, -27.8151], [-48.9467, -27.8162], [-49.0165, -27.8665], [-49.0159, -27.9092], [-49.052, -27.99]]]}}, {"type": "Feature", "id": "4216008", "properties": {"codigo_ibge": "4216008"}, "geometry": {"type": "Polygon", "coordinates": [[[-53.0178, -27.0931], [-52.9927, -27.0986], [-52.982, -27.0361], [-52.9512, -27.0029], [-52.9652, -26.9632], [-53.0466, -26.9678], [-53.0905, -26.9913], [-53.108, -27.0312], [-53.1132, -27.046], [-53.0755, -27.0917], [-53.0767, -27.1078], [-53.0482, -27.0837], [-53.0178, -27.0931]]]}}, {"type": "Feature", "id": "4216057", "properties": {"codigo_ibge": "4216057"}, "geometry": {"type": "Polygon", "coordinates": [[[-50.2435, -27.237], [-50.2743, -27.268], [-50.3951, -27.2619], [-50.4443, -27.2275], [-50.5018, -27.2184], [-50.508, -27.2586], [-50.4918, -27.3095], [-50.4628, -27.3288], [-50.4637, -27.3669], [-50.398, -27.3609], [-50.3586, -27.3435], [-50.2084, -27.3464], [-50.1878, -27.3257], [-50.1753, -27.2692], [-50.2039, -27.2435], [-50.2435, -27.237]]]}}, {"type": "Feature", "id": "4216107", "properties": {"codigo_ibge": "4216107"}, "geometry": {"type": "Polygon", "coordinates": [[[-52.563, -26.6718], [-52.5194, -26.6279], [-52.5225, -26.613], [-52.4646, -26.5699], [-52.48, -26.5336], [-52.4787, -26.4627], [-52.4426, -26.4381], [-52.4636, -26.4396], [-52.5232, -26.3996], [-52.557, -26.4078], [-52.6022, -26.4607], [-52.6106, -26.4898], [-52.6075, -26.5406], [-52.6494, -26.5699], [-52.6717, -26.6015], [-52.6632, -26.6287], [-52.6263, -26.6463], [-52.6074, -26.6749], [-52.563, -26.6718]]]}}, {"type": "Feature", "id": "4216206", "properties": {"codigo_ibge": "4216206"}, "geometry": {"type": "Polygon", "coordinates": [[[-48.5943, -26.4522], [-48.5995, -26.4324], [-48.5465, -26.3105], [-48.5041, -26.2373], [-48.5248, -26.2099], [-48.5318, -26.1628], [-48.5694, -26.1677], [-48.6217, -26.2073], [-48.6272, -26.183], [-48.742, -26.1275], [-48.7837, -26.1531], [-48.7598, -26.1894], [-48.764, -26.2149], [-48.7399, -26.2864], [-48.7265, -26.3221], [-48.6625, -26.3608], [-48.6193, -26.3986], [-48.6257, -26.438], [-48.5943, -26.4522]]]}}, {"type": "Feature", "id": "4216255", "properties": {"codigo_ibge": "4216255"}, "geometry": {"type": "Polygon", "coordinates": [[[-53.5197, -27.0816], [-53.542, -27.0873], [-53.5469, -27.0248], [-53.5874, -27.0091], [-53.6433, -27.0438], [-53.663, -27.1083], [-53.6408, -27.1554], [-53.6155, -27.1663], [-53.5882, -27.144], [-53.5481, -27.1561], [-53.5258, -27.1309], [-53.5197, -27.0816]]]}}, {"type": "Feature", "id": "4216305", "properties": {"codigo_ibge": "4216305"}, "geometry": {"type": "Polygon", "coordinates": [[[-48.8006, -27.3583], [-48.7942, -27.2858], [-48.8381, -27.229], [-48.8654, -27.2197], [-48.8975, -27.2498], [-48.8838, -27.2903], [-48.9424, -27.3386], [-48.9007, -27.3811], [-48.903, -27.4273], [-48.8839, -27.4326], [-48.8352, -27.3965], [-48.8006, -27.3583]]]}}, {"type": "Feature", "id": "4216354", "properties": {"codigo_ibge": "4216354"}, "geometry": {"type": "Polygon", "coordinates": [[[-48.8016, -26.6812], [-48.7537, -26.6592], [-48.7431, -26.6306], [-48.7412, -26.5598], [-48.7515, -26.54], [-48.8071, -26.513], [-48.832, -26.5307], [-48.86, -26.5625], [-48.8563, -26.6345], [-48.817, -26.6391], [-48.8016, -26.6812]]]}}, {"type": "Feature", "id": "4216404", "properties": {"codigo_ibge": "4216404"}, "geometry": {"type": "Polygon", "coordinates": [[[-49.7918, -29.2856], [-49.7779, -29.2374], [-49.7398, -29.2435], [-49.7121, -29.2058], [-49.7636, -29.1695], [-49.8341, -29.0952], [-49.832, -29.1218], [-49.8254, -29.1493], [-49.8914, -29.1751], [-49.9126, -29.1956], [-49.9576, -29.1995], [-49.9016, -29.2153], [-49.8571, -29.2331], [-49.8157, -29.2859], [-49.7918, -29.2856]]]}}, {"type": "Feature", "id": "4216503", "properties": {"codigo_ibge": "4216503"}, "geometry": {"type": "Polygon", "coordinates": [[[-49.8497, -28.1025], [-49.8997, -28.093], [-49.9884, -28.1037], [-50.0545, -28.0936], [-50.0774, -28.123], [-50.1039, -28.1238], [-50.1254, -28.1586], [-50.1739, -28.1612], [-50.1694, -28.1968], [-50.2169, -28.2511], [-50.2458, -28.2575], [-50.2444, -28.2895], [-50.2787, -28.3122], [-50.2715, -28.343], [-50.3138, -28.3552], [-50.34, -28.3825], [-50.381, -28.3752], [-50.4248, -28.4333], [-50.3684, -28.4212], [-50.3404, -28.441], [-50.3013, -28.4393], [-50.2729, -28.4571], [-50.2424, -28.432], [-50.1473, -28.4495], [-50.0972, -28.4844], [-50.0687, -28.4792], [-50.0272, -28.4743], [-49.9708, -28.4402], [-49.9004, -28.4647], [-49.8393, -28.4965], [-49.8163, -28.469], [-49.806, -28.4214], [-49.7813, -28.4299], [-49.7649, -28.3504], [-49.7732, -28.2763], [-49.7216, -28.2224], [-49.6719, -28.2309], [-49.6848, -28.2124], [-49.7433, -28.1755], [-49.8027, -28.1178], [-49.8497, -28.1025]]]}}, {"type": "Feature", "id": "4216602", "properties": {"codigo_ibge": "4216602"}, "geometry": {"type": "Polygon", "coordinates": [[[-48.7384, -27.6146], [-48.6551, -27.6212], [-48.6372, -27.6514], [-48.6027, -27.6626], [-48.6133, -27.6184], [-48.5971, -27.5703], [-48.5697, -27.5487], [-48.5762, -27.5172], [-48.6492, -27.5427], [-48.6789, -27.5228], [-48.7231, -27.5371], [-48.7275, -27.5535], [-48.746, -27.6154], [-48.7384, -27.6146]]]}}, {"type": "Feature", "id": "4216701", "properties": {"codigo_ibge": "4216701"}, "geometry": {"type": "Polygon", "coordinates": [[[-53.4072, -26.5184], [-53.4096, -26.4773], [-53.3688, -26.441], [-53.4027, -26.4277], [-53.5408, -26.4273], [-53.5821, -26.4765], [-53.6247, -26.4728], [-53.6383, -26.449], [-53.6884, -26.4433], [-53.7209, -26.5378], [-53.6907, -26.5048], [-53.6375, -26.5164], [-53.5813, -26.5156], [-53.5553, -26.5287], [-53.4937, -26.5212], [-53.4588, -26.5483], [-53.4072, -26.5184]]]}}, {"type": "Feature", "id": "4216800", "properties": {"codigo_ibge": "4216800"}, "geometry": {"type": "Polygon", "coordinates": [[[-50.875, -27.6022], [-50.8539, -27.5935], [-50.8161, -27.6192], [-50.7448, -27.6485], [-50.6771, -27.7153], [-50.6395, -27.7144], [-50.5624, -27.729], [-50.5424, -27.7653], [-50.5134, -27.7869], [-50.4926, -27.7698], [-50.4478, -27.7742], [-50.3971, -27.7505], [-50.39, -27.73], [-50.4257, -27.6765], [-50.4659, -27.6659], [-50.5058, -27.62], [-50.5282, -27.5622], [-50.5693, -27.5041], [-50.5637, -27.4699], [-50.6341, -27.4542], [-50.6649, -27.4645], [-50.6909, -27.426], [-50.7153, -27.451], [-50.7541, -27.4223], [-50.7877, -27.4597], [-50.823, -27.4516], [-50.8467, -27.5087], [-50.8922, -27.5568], [-50.9601, -27.5552], [-50.9349, -27.5796], [-50.9013, -27.5733], [-50.875, -27.6022]]]}}, {"type": "Feature", "id": "4216909", "properties": {"codigo_ibge": "4216909"}, "geometry": {"type": "Polygon", "coordinates": [[[-52.7605, -26.5866], [-52.766, -26.5507], [-52.7947, -26.5343], [-52.8, -26.4928], [-52.842, -26.5003], [-52.8835, -26.491], [-52.8706, -26.4288], [-52.85, -26.4043], [-52.7766, -26.452], [-52.7554, -26.4545], [-52.7628, -26.3536], [-52.8469, -26.3444], [-52.9083, -26.3594], [-52.9377, -26.3622], [-52.9526, -26.3793], [-52.9676, -26.4408], [-52.9374, -26.4427], [-52.9197, -26.5039], [-52.9464, -26.5675], [-52.9257, -26.581], [-52.8773, -26.5951], [-52.8396, -26.593], [-52.7605, -26.5866]]]}}, {"type": "Feature", "id": "4217006", "properties": {"codigo_ibge": "4217006"}, "geometry": {"type": "Polygon", "coordinates": [[[-49.1051, -28.3586], [-49.1244, -28.3189], [-49.2002, -28.2885], [-49.224, -28.3796], [-49.1898, -28.3894], [-49.181, -28.4139], [-49.1375, -28.4138], [-49.1014, -28.3627], [-49.1051, -28.3586]]]}}, {"type": "Feature", "id": "4217105", "properties": {"codigo_ibge": "4217105"}, "geometry": {"type": "Polygon", "coordinates": [[[-49.0311, -28.1509], [-48.973, -28.1854], [-48.9656, -28.237], [-48.9216, -28.235], [-48.9114, -28.2159], [-48.9386, -28.1751], [-48.9262, -28.1412], [-48.8836, -28.1498], [-48.869, -28.0804], [-48.8937, -28.08], [-48.9017, -28.0609], [-48.9748, -28.0788], [-49.0348, -28.0347], [-49.052, -27.99], [-49.0437, -28.0125], [-49.0626, -28.0604], [-49.064, -28.1156], [-49.0311, -28.1509]]]}}, {"type": "Feature", "id": "4217154", "properties": {"codigo_ibge": "4217154"}, "geometry": {"type": "Polygon", "coordinates": [[[-53.2273, -26.6391], [-53.251, -26.6506], [-53.306, -26.721], [-53.2873, -26.735], [-53.2555, -26.716], [-53.2058, -26.7236], [-53.1935, -26.6987], [-53.1869, -26.6705], [-53.2051, -26.6423], [-53.2273, -26.6391]]]}}, {"type": "Feature", "id": "4217204", "properties": {"codigo_ibge": "4217204"}, "geometry": {"type": "Polygon", "coordinates": [[[-53.3943, -26.7442], [-53.4237, -26.7279], [-53.495, -26.6598], [-53.5364, -26.6468], [-53.5984, -26.6582], [-53.596, -26.688], [-53.5871, -26.8017], [-53.5089, -26.7997], [-53.5057, -26.7757], [-53.389, -26.7707], [-53.3652, -26.7659], [-53.3943, -26.7442]]]}}, {"type": "Feature", "id": "4217253", "properties": {"codigo_ibge": "4217253"}, "geometry": {"type": "Polygon", "coordinates": [[[-48.746, -27.6154], [-48.7275, -27.5535], [-48.795, -27.5453], [-48.8532, -27.5755], [-48.9206, -27.557], [-48.9501, -27.6266], [-48.8445, -27.6252], [-48.746, -27.6154]]]}}, {"type": "Feature", "id": "4217303", "properties": {"codigo_ibge": "4217303"}, "geometry": {"type": "Polygon", "coordinates": [[[-52.9652, -26.9632], [-52.9343, -26.9483], [-52.9475, -26.8817], [-53.0077, -26.8873], [-53.0364, -26.8761], [-53.0515, -26.8467], [-53.0421, -26.8143], [-53.0972, -26.8058], [-53.1158, -26.8153], [-53.1281, -26.8421], [-53.1118, -26.9245], [-53.0466, -26.9678], [-52.9652, -26.9632]]]}}, {"type": "Feature", "id": "4217402", "properties": {"codigo_ibge": "4217402"}, "geometry": {"type": "Polygon", "coordinates": [[[-49.1447, -26.3162], [-49.1126, -26.3712], [-49.1138, -26.3924], [-49.0734, -26.4323], [-49.0286, -26.457], [-49.0036, -26.3891], [-49.0207, -26.3507], [-49.0054, -26.3086], [-49.054, -26.29], [-49.1109, -26.2947], [-49.1447, -26.3162]]]}}, {"type": "Feature", "id": "4217501", "properties": {"codigo_ibge": "4217501"}, "geometry": {"type": "Polygon", "coordinates": [[[-52.4019, -27.1906], [-52.3689, -27.1931], [-52.3569, -27.2247], [-52.3296, -27.2362], [-52.2615, -27.2297], [-52.2333, -27.1812], [-52.2526, -27.1316], [-52.2278, -27.0682], [-52.2469, -27.0371], [-52.2514, -27.0686], [-52.3125, -27.0911], [-52.3909, -27.0905], [-52.4048, -27.119], [-52.4327, -27.1141], [-52.4678, -27.1303], [-52.4893, -27.1142], [-52.5073, -27.1595], [-52.4558, -27.1759], [-52.4337, -27.1944], [-52.4019, -27.1906]]]}}, {"type": "Feature", "id": "4217550", "properties": {"codigo_ibge": "4217550"}, "geometry": {"type": "Polygon", "coordinates": [[[-53.0696, -26.7369], [-53.0493, -26.746], [-52.9736, -26.7448], [-52.9979, -26.6352], [-53.0634, -26.6436], [-53.0758, -26.67], [-53.0589, -26.7162], [-53.0696, -26.7369]]]}}, {"type": "Feature", "id": "4217600", "properties": {"codigo_ibge": "4217600"}, "geometry": {"type": "Polygon", "coordinates": [[[-49.4517, -28.6339], [-49.3693, -28.6342], [-49.4015, -28.6006], [-49.3858, -28.5798], [-49.39, -28.5559], [-49.422, -28.5366], [-49.4498, -28.5647], [-49.5273, -28.5511], [-49.5695, -28.5026], [-49.6495, -28.5469], [-49.6468, -28.5897], [-49.6854, -28.6209], [-49.4517, -28.6339]]]}}, {"type": "Feature", "id": "4217709", "properties": {"codigo_ibge": "4217709"}, "geometry": {"type": "Polygon", "coordinates": [[[-49.7432, -29.0393], [-49.7392, -29.0741], [-49.7033, -29.0825], [-49.6902, -29.1135], [-49.6563, -29.143], [-49.61, -29.1149], [-49.5961, -29.0834], [-49.5657, -29.059], [-49.6234, -29.018], [-49.6989, -29.0205], [-49.7432, -29.0393]]]}}, {"type": "Feature", "id": "4217758", "properties": {"codigo_ibge": "4217758"}, "geometry": {"type": "Polygon", "coordinates": [[[-52.9736, -26.7448], [-52.9578, -26.7547], [-52.9324, -26.7769], [-52.9177, -26.7829], [-52.9023, -26.7368], [-52.9004, -26.6825], [-52.9198, -26.6725], [-52.9407, -26.614], [-52.9979, -26.6352], [-52.9736, -26.7448]]]}}, {"type": "Feature", "id": "4217808", "properties": {"codigo_ibge": "4217808"}, "geometry": {"type": "Polygon", "coordinates": [[[-50.3153, -27.0755], [-50.2501, -27.0998], [-50.2268, -27.1509], [-50.1679, -27.1495], [-50.153, -27.1342], [-50.0621, -27.1504], [-50.0515, -27.1759], [-50.0047, -27.1734], [-50.0038, -27.213], [-49.9331, -27.1892], [-49.8985, -27.1027], [-49.876, -27.0207], [-49.8962, -26.997], [-49.9463, -26.9947], [-49.9757, -27.0103], [-49.9765, -27.0466], [-50.0483, -27.0478], [-50.0676, -27.0329], [-50.1006, -27.0199], [-50.1337, -26.9848], [-50.2357, -26.9859], [-50.2908, -26.9699], [-50.3195, -27.0155], [-50.3153, -27.0755]]]}}, {"type": "Feature", "id": "4217907", "properties": {"codigo_ibge": "4217907"}, "geometry": {"type": "Polygon", "coordinates": [[[-51.3215, -27.1514], [-51.2939, -27.1616], [-51.2594, -27.1367], [-51.2334, -27.1389], [-51.186, -27.1784], [-51.1834, -27.1963], [-51.1126, -27.239], [-51.0656, -27.2521], [-51.0363, -27.2334], [-51.0064, -27.1723], [-50.9605, -27.1546], [-50.9298, -27.1189], [-50.9515, -27.1319], [-51.0087, -27.1202], [-51.0577, -27.1043], [-51.131, -27.1141], [-51.1575, -27.0895], [-51.2134, -27.0684], [-51.299, -27.0575], [-51.3195, -27.077], [-51.3337, -27.1263], [-51.3215, -27.1514]]]}}, {"type": "Feature", "id": "4217956", "properties": {"codigo_ibge": "4217956"}, "geometry": {"type": "Polygon", "coordinates": [[[-53.1366, -26.6396], [-53.2051, -26.6423], [-53.1869, -26.6705], [-53.1935, -26.6987], [-53.1662, -26.7182], [-53.1284, -26.7206], [-53.1115, -26.6797], [-53.1366, -26.6396]]]}}, {"type": "Feature", "id": "4218004", "properties": {"codigo_ibge": "4218004"}, "geometry": {"type": "Polygon", "coordinates": [[[-48.5948, -27.3161], [-48.6154, -27.2719], [-48.6027, -27.2179], [-48.6586, -27.2152], [-48.6902, -27.1843], [-48.69, -27.1414], [-48.7994, -27.1551], [-48.8043, -27.1895], [-48.7489, -27.2348], [-48.7355, -27.2687], [-48.7444, -27.3066], [-48.7936, -27.3532], [-48.7296, -27.3409], [-48.7054, -27.3548], [-48.6633, -27.3473], [-48.6271, -27.3249], [-48.5948, -27.3161]]]}}, {"type": "Feature", "id": "4218103", "properties": {"codigo_ibge": "4218103"}, "geometry": {"type": "Polygon", "coordinates": [[[-49.7327, -28.8041], [-49.7989, -28.7517], [-49.7982, -28.7147], [-49.8402, -28.7131], [-49.8694, -28.701], [-49.9613, -28.7722], [-49.9621, -28.8535], [-49.9509, -28.8935], [-49.9557, -28.9489], [-49.8963, -28.89], [-49.8678, -28.88], [-49.7492, -28.8314], [-49.7327, -28.8041]]]}}, {"type": "Feature", "id": "4218202", "properties": {"codigo_ibge": "4218202"}, "geometry": {"type": "Polygon", "coordinates": [[[-49.305, -26.848], [-49.2847, -26.8807], [-49.2542, -26.87], [-49.2071, -26.8304], [-49.1954, -26.7926], [-49.214, -26.7552], [-49.224, -26.773], [-49.335, -26.7461], [-49.3301, -26.8078], [-49.305, -26.848]]]}}, {"type": "Feature", "id": "4218251", "properties": {"codigo_ibge": "4218251"}, "geometry": {"type": "Polygon", "coordinates": [[[-50.8066, -26.6552], [-50.7565, -26.6923], [-50.6779, -26.6621], [-50.6491, -26.6997], [-50.5592, -26.7714], [-50.5267, -26.781], [-50.4997, -26.769], [-50.5164, -26.7154], [-50.4926, -26.6482], [-50.4923, -26.6426], [-50.5294, -26.6086], [-50.5639, -26.6095], [-50.6445, -26.511], [-50.6988, -26.5003], [-50.7396, -26.5248], [-50.7974, -26.5082], [-50.8251, -26.5481], [-50.856, -26.5606], [-50.8066, -26.6552]]]}}, {"type": "Feature", "id": "4218301", "properties": {"codigo_ibge": "4218301"}, "geometry": {"type": "Polygon", "coordinates": [[[-50.3657, -26.1121], [-50.3887, -26.1509], [-50.3604, -26.1586], [-50.3559, -26.2032], [-50.3247, -26.2074], [-50.3254, -26.252], [-50.2961, -26.287], [-50.2847, -26.3083], [-50.2069, -26.2846], [-50.1874, -26.2706], [-50.1795, -26.2152], [-50.153, -26.2089], [-50.1359, -26.1702], [-50.1852, -26.1121], [-50.1898, -26.07], [-50.2223, -26.0602], [-50.2475, -26.0304], [-50.2685, -26.0428], [-50.332, -26.0854], [-50.3217, -26.1339], [-50.3657, -26.1121]]]}}, {"type": "Feature", "id": "4218350", "properties": {"codigo_ibge": "4218350"}, "geometry": {"type": "Polygon", "coordinates": [[[-49.422, -28.5366], [-49.428, -28.4589], [-49.4667, -28.4378], [-49.5353, -28.4361], [-49.5625, -28.4675], [-49.5695, -28.5026], [-49.5273, -28.5511], [-49.4498, -28.5647], [-49.422, -28.5366]]]}}, {"type": "Feature", "id": "4218400", "properties": {"codigo_ibge": "4218400"}, "geometry": {"type": "Polygon", "coordinates": [[[-49.0301, -28.5499], [-49.0552, -28.5592], [-49.1395, -28.4977], [-49.1802, -28.4981], [-49.2434, -28.5898], [-49.1816, -28.6412], [-49.1033, -28.5929], [-49.0301, -28.5499]]]}}, {"type": "Feature", "id": "4218509", "properties": {"codigo_ibge": "4218509"}, "geometry": {"type": "Polygon", "coordinates": [[[-51.4061, -26.9431], [-51.4787, -26.9248], [-51.4877, -26.8594], [-51.5104, -26.8386], [-51.5299, -26.8795], [-51.5403, -26.9398], [-51.5071, -26.9614], [-51.4622, -27.0277], [-51.4207, -27.0391], [-51.3453, -27.04], [-51.3342, -27.02], [-51.3516, -26.9812], [-51.3943, -26.9702], [-51.4061, -26.9431]]]}}, {"type": "Feature", "id": "4218608", "properties": {"codigo_ibge": "4218608"}, "geometry": {"type": "Polygon", "coordinates": [[[-49.7673, -27.3753], [-49.758, -27.2697], [-49.7783, -27.252], [-49.8023, -27.2483], [-49.8234, -27.2654], [-49.8854, -27.3062], [-49.8486, -27.3269], [-49.8722, -27.3508], [-49.8646, -27.3783], [-49.8414, -27.3491], [-49.7673, -27.3753]]]}}, {"type": "Feature", "id": "4218707", "properties": {"codigo_ibge": "4218707"}, "geometry": {"type": "Polygon", "coordinates": [[[-49.0301, -28.5499], [-48.9938, -28.5586], [-48.945, -28.5944], [-48.9038, -28.5328], [-48.9234, -28.5127], [-48.9814, -28.4627], [-48.979, -28.422], [-49.024, -28.4014], [-49.0717, -28.3946], [-49.1014, -28.3627], [-49.1375, -28.4138], [-49.112, -28.4437], [-49.1802, -28.4981], [-49.1395, -28.4977], [-49.0552, -28.5592], [-49.0301, -28.5499]]]}}, {"type": "Feature", "id": "4218756", "properties": {"codigo_ibge": "4218756"}, "geometry": {"type": "Polygon", "coordinates": [[[-53.5828, -26.9532], [-53.6717, -26.9428], [-53.7124, -26.9655], [-53.7327, -27.0042], [-53.6433, -27.0438], [-53.5874, -27.0091], [-53.5591, -26.9926], [-53.5828, -26.9532]]]}}, {"type": "Feature", "id": "4218806", "properties": {"codigo_ibge": "4218806"}, "geometry": {"type": "Polygon", "coordinates": [[[-49.8678, -28.88], [-49.7826, -28.904], [-49.7713, -28.9389], [-49.7064, -28.9669], [-49.6532, -28.9837], [-49.648, -28.9588], [-49.6056, -28.952], [-49.5339, -28.9173], [-49.6395, -28.8995], [-49.6767, -28.8682], [-49.7327, -28.8041], [-49.7492, -28.8314], [-49.8678, -28.88]]]}}, {"type": "Feature", "id": "4218855", "properties": {"codigo_ibge": "4218855"}, "geometry": {"type": "Polygon", "coordinates": [[[-52.8172, -26.734], [-52.8793, -26.7545], [-52.9177, -26.7829], [-52.9324, -26.7769], [-52.9141, -26.8248], [-52.919, -26.8464], [-52.8719, -26.7978], [-52.8341, -26.8356], [-52.8048, -26.8307], [-52.7917, -26.7892], [-52.8172, -26.734]]]}}, {"type": "Feature", "id": "4218905", "properties": {"codigo_ibge": "4218905"}, "geometry": {"type": "Polygon", "coordinates": [[[-49.4404, -28.1328], [-49.3928, -28.1101], [-49.4042, -28.0823], [-49.372, -28.066], [-49.3493, -27.9962], [-49.3224, -27.9838], [-49.3084, -27.9704], [-49.3078, -27.941], [-49.2994, -27.9017], [-49.4173, -27.9529], [-49.4658, -27.9277], [-49.6074, -27.9007], [-49.7029, -27.9178], [-49.7149, -27.9419], [-49.7105, -28.0073], [-49.7448, -28.0319], [-49.7707, -28.0242], [-49.8141, -28.0588], [-49.8497, -28.1025], [-49.8027, -28.1178], [-49.7433, -28.1755], [-49.6848, -28.2124], [-49.6719, -28.2309], [-49.6681, -28.1889], [-49.6342, -28.1595], [-49.598, -28.1604], [-49.5438, -28.1256], [-49.4746, -28.1258], [-49.4404, -28.1328]]]}}, {"type": "Feature", "id": "4218954", "properties": {"codigo_ibge": "4218954"}, "geometry": {"type": "Polygon", "coordinates": [[[-50.0545, -28.0936], [-49.9884, -28.1037], [-49.8997, -28.093], [-49.8497, -28.1025], [-49.8141, -28.0588], [-49.7707, -28.0242], [-49.7448, -28.0319], [-49.7943, -27.9824], [-49.8422, -27.9609], [-49.8656, -27.9115], [-49.934, -27.9365], [-49.9687, -27.9966], [-50.0004, -28.006], [-50.0101, -28.0565], [-50.0402, -28.0667], [-50.0545, -28.0936]]]}}, {"type": "Feature", "id": "4219002", "properties": {"codigo_ibge": "4219002"}, "geometry": {"type": "Polygon", "coordinates": [[[-49.3858, -28.5798], [-49.3504, -28.5624], [-49.2529, -28.5887], [-49.2499, -28.5673], [-49.2856, -28.5149], [-49.279, -28.4845], [-49.2353, -28.4577], [-49.2213, -28.4328], [-49.2891, -28.3973], [-49.3355, -28.4179], [-49.3974, -28.4647], [-49.428, -28.4589], [-49.422, -28.5366], [-49.39, -28.5559], [-49.3858, -28.5798]]]}}, {"type": "Feature", "id": "4219101", "properties": {"codigo_ibge": "4219101"}, "geometry": {"type": "Polygon", "coordinates": [[[-52.1231, -26.7248], [-52.1548, -26.7812], [-52.1982, -26.7956], [-52.1894, -26.8248], [-52.2044, -26.8667], [-52.1629, -26.8944], [-52.1545, -26.9263], [-52.1485, -26.9294], [-52.1428, -26.8972], [-52.1148, -26.859], [-52.1411, -26.837], [-52.1413, -26.796], [-52.1034, -26.7767], [-52.0394, -26.7745], [-52.0599, -26.7281], [-52.0479, -26.6949], [-52.0672, -26.678], [-52.1445, -26.6906], [-52.1231, -26.7248]]]}}, {"type": "Feature", "id": "4219150", "properties": {"codigo_ibge": "4219150"}, "geometry": {"type": "Polygon", "coordinates": [[[-51.0729, -27.5113], [-51.0418, -27.5043], [-51.0189, -27.5301], [-50.9855, -27.5308], [-50.9601, -27.5552], [-50.8922, -27.5568], [-50.8467, -27.5087], [-50.823, -27.4516], [-50.8981, -27.4143], [-50.9039, -27.3816], [-50.9603, -27.3793], [-50.9797, -27.3979], [-51.028, -27.3894], [-51.0689, -27.4053], [-51.0704, -27.4431], [-51.0482, -27.4936], [-51.0729, -27.5113]]]}}, {"type": "Feature", "id": "4219176", "properties": {"codigo_ibge": "4219176"}, "geometry": {"type": "Polygon", "coordinates": [[[-51.8262, -26.9234], [-51.8204, -26.9366], [-51.8631, -26.9813], [-51.8023, -27.0404], [-51.7866, -27.0515], [-51.7334, -27.0397], [-51.7006, -27.0047], [-51.6806, -26.9579], [-51.6332, -26.9432], [-51.6891, -26.9297], [-51.6958, -26.8511], [-51.7246, -26.8465], [-51.757, -26.8392], [-51.8149, -26.8687], [-51.8262, -26.9234]]]}}, {"type": "Feature", "id": "4219200", "properties": {"codigo_ibge": "4219200"}, "geometry": {"type": "Polygon", "coordinates": [[[-49.4654, -27.4455], [-49.4049, -27.4489], [-49.3553, -27.4915], [-49.3626, -27.551], [-49.3185, -27.5722], [-49.3221, -27.518], [-49.2926, -27.474], [-49.3111, -27.3961], [-49.2784, -27.3339], [-49.2241, -27.3212], [-49.2216, -27.3088], [-49.2477, -27.2793], [-49.2219, -27.2314], [-49.2732, -27.2462], [-49.3121, -27.2773], [-49.3181, -27.3166], [-49.3967, -27.3285], [-49.4102, -27.352], [-49.4583, -27.357], [-49.4718, -27.3738], [-49.4654, -27.4455]]]}}, {"type": "Feature", "id": "4219309", "properties": {"codigo_ibge": "4219309"}, "geometry": {"type": "Polygon", "coordinates": [[[-51.1575, -27.0895], [-51.131, -27.1141], [-51.0577, -27.1043], [-51.0087, -27.1202], [-50.9733, -27.0836], [-50.9758, -27.0374], [-51.0062, -27.0349], [-51.0135, -27.0059], [-51.0454, -26.9863], [-51.1175, -26.9843], [-51.1264, -26.9614], [-51.1598, -26.9544], [-51.1787, -26.9174], [-51.1778, -26.8684], [-51.1922, -26.8513], [-51.2468, -26.8847], [-51.2844, -26.8738], [-51.2818, -26.8782], [-51.2829, -26.9235], [-51.2322, -26.9556], [-51.2102, -26.9831], [-51.1963, -27.0288], [-51.1575, -27.0895]]]}}, {"type": "Feature", "id": "4219358", "properties": {"codigo_ibge": "4219358"}, "geometry": {"type": "Polygon", "coordinates": [[[-49.8287, -26.7062], [-49.8887, -26.7469], [-49.8976, -26.7696], [-49.95, -26.8078], [-49.9694, -26.869], [-49.951, -26.9274], [-49.9232, -26.9126], [-49.8693, -26.9159], [-49.8137, -26.8913], [-49.7694, -26.8888], [-49.7065, -26.8456], [-49.7503, -26.7851], [-49.8287, -26.7062]]]}}, {"type": "Feature", "id": "4219408", "properties": {"codigo_ibge": "4219408"}, "geometry": {"type": "Polygon", "coordinates": [[[-49.8962, -26.997], [-49.9112, -26.9629], [-49.8334, -26.9482], [-49.7308, -26.9605], [-49.709, -26.918], [-49.7694, -26.8888], [-49.8137, -26.8913], [-49.8693, -26.9159], [-49.9232, -26.9126], [-49.951, -26.9274], [-49.9601, -26.9562], [-49.9463, -26.9947], [-49.8962, -26.997]]]}}, {"type": "Feature", "id": "4219507", "properties": {"codigo_ibge": "4219507"}, "geometry": {"type": "Polygon", "coordinates": [[[-52.338, -26.9448], [-52.3078, -26.8996], [-52.3218, -26.8338], [-52.3552, -26.7848], [-52.4295, -26.7674], [-52.4421, -26.749], [-52.5011, -26.774], [-52.5348, -26.809], [-52.5295, -26.8272], [-52.4705, -26.8568], [-52.4786, -26.9173], [-52.4527, -26.9951], [-52.419, -27.0064], [-52.338, -26.9448]]]}}, {"type": "Feature", "id": "4219606", "properties": {"codigo_ibge": "4219606"}, "geometry": {"type": "Polygon", "coordinates": [[[-52.3909, -27.0905], [-52.3125, -27.0911], [-52.2514, -27.0686], [-52.2469, -27.0371], [-52.2338, -26.9473], [-52.2648, -26.9588], [-52.338, -26.9448], [-52.419, -27.0064], [-52.3909, -27.0905]]]}}, {"type": "Feature", "id": "4219705", "properties": {"codigo_ibge": "4219705"}, "geometry": {"type": "Polygon", "coordinates": [[[-52.5864, -27.0306], [-52.5517, -27.0713], [-52.5088, -27.0938], [-52.4896, -27.091], [-52.4527, -26.9951], [-52.4786, -26.9173], [-52.4705, -26.8568], [-52.5877, -26.8933], [-52.6208, -26.8648], [-52.6276, -26.922], [-52.6149, -26.9339], [-52.5847, -26.9738], [-52.5864, -27.0306]]]}}, {"type": "Feature", "id": "4219853", "properties": {"codigo_ibge": "4219853"}, "geometry": {"type": "Polygon", "coordinates": [[[-51.5538, -27.3988], [-51.5598, -27.458], [-51.6326, -27.4886], [-51.6083, -27.5414], [-51.5784, -27.577], [-51.5476, -27.5591], [-51.5063, -27.5275], [-51.4969, -27.4841], [-51.4485, -27.4651], [-51.4405, -27.4356], [-51.4725, -27.426], [-51.4653, -27.395], [-51.5285, -27.3896], [-51.5538, -27.3988]]]}}, {"type": "Feature", "id": "4220000", "properties": {"codigo_ibge": "4220000"}, "geometry": {"type": "Polygon", "coordinates": [[[-49.205, -28.7766], [-49.2422, -28.779], [-49.3026, -28.8475], [-49.3296, -28.8649], [-49.2901, -28.8832], [-49.1879, -28.8022], [-49.205, -28.7766]]]}}]}